address,symbol,name,platform,market_cap,volume_24h,liquidity,safety_score,potential_score,composite_score,analysis_tier,investment_classification,analysis_status,is_pump_fun,bonding_curve,associated_bonding_curve,creator,creator_vault,initial_price_sol,initial_liquidity_sol,curve_progress,distance_to_graduation,created_at,updated_at,current_price,discovered_at,raw_data,status,price_change_24h,decimals,estimated_graduation_time,tokens_sold,tokens_remaining,sol_in_curve,sol_price_at_update,current_price_sol,current_price_usd,description,total_supply,creation_block,creation_tx_hash,creation_slot,image_url,image_hash,website_url,twitter_url,telegram_url,discord_url,additional_media,mint_authority,update_authority,freeze_authority,is_mutable,is_mintable,is_freezable,transfer_fee_config,virtual_sol_reserves,virtual_token_reserves,monitoring_priority,passed_filter_at,category,category_updated_at,previous_category,category_scan_count,aim_attempts,buy_attempts,buy_failure_reasons,top_10_percent,solsniffer_score,solsniffer_checked_at,last_scan_at,scan_count,holders,security_data,last_price_update,price_update_count,volume_1h,price_change_1h,high_24h,low_24h,discovery_signature,discovery_slot,max_supply,circulating_supply,is_graduated,graduated_at,raydium_pool_address,metadata_uri,external_url,legitimacy_score,metadata_complete,has_social_verification,has_visual_assets,metadata_source,metadata_updated_at,metadata_fetch_attempts,top_25_percent,holder_distribution,holder_data_source,holder_last_updated,final_market_cap,final_price_usd,final_price_sol,buy_count_24h,sell_count_24h,buy_volume_24h,sell_volume_24h
7bP5d59Yjyt2ze9nyFwEu8k3uxxzwNsTK7uo6LTrqiXB,LOADING...,Loading...,unknown,4767.62,,10.55,0.5,0.5,0.5,,,PENDING,f,Acb1gvvcJL9xwb9AhSxhPBS8PrbWMBUUHUhi2hxLMiUH,,,,,,1.1648,,2025-06-10 20:13:04.548+08,2025-06-10 20:13:51.714165+08,,2025-06-10 20:13:04.549528+08,,active,,6,,,,,,2.98349E-08,0.00000477,,,,,,,,,,,,,,,,,,,,,,normal,,LOW,13:51.5,NEW,0,0,0,,,,,,0,,,2025-06-10 20:13:51.534+08,8,0,,,,,,,,f,,,,,,f,f,f,helius,,0,,,,,,,,0,0,0,0
9Je7QkkxetusJRttPc9ZkwCq6qhVeMysVF2hN3MTdDrk,LOADING...,Loading...,unknown,9370.17,,143.3,0.5,0.5,0.5,,,PENDING,f,4gfJL4g9FUQsHvmUoKhixfjkpgpgLhoXa4u21SLL5YRm,,,,,,15.8344,,2025-06-10 20:12:47.145+08,2025-06-10 20:13:39.997183+08,,2025-06-10 20:12:47.146544+08,,active,,6,,,,,,5.86736E-08,0.00000937,,,,,,,,,,,,,,,,,,,,,,normal,,MEDIUM,13:39.7,NEW,0,0,0,,,,,,0,,,2025-06-10 20:13:39.693+08,7,0,,,,,,,,f,,,,,,f,f,f,helius,,0,,,,,,,,0,0,0,0
2DigckmpM8UMAHN9QboqMwz6gR3khPucVBiLRSmCjjFJ,LOADING...,Loading...,unknown,4740.1,,1.8,0.5,0.5,0.5,,,PENDING,f,BqaiLhCXdPr1yqoQEZ2fpkSWCwBgApHq2MCYCcVcco94,,,,,,1.0594,,2025-06-10 20:12:54.991+08,2025-06-10 20:13:50.49+08,,2025-06-10 20:12:54.992187+08,,active,,6,,,,,,2.96627E-08,0.00000474,,,,,,,,,,,,,,,,,,,,,,normal,,LOW,13:50.5,NEW,0,0,0,,,,,,0,,,2025-06-10 20:13:50.49+08,8,0,,,,,,,,f,,,,,,f,f,f,helius,,0,,,,,,,,0,0,0,0
9HvwYpnCt8CTAZAdvdHyKBbWK1Yr82XyCo1j2bS4H15p,LOADING...,Loading...,unknown,9801.03,,153.81,0.5,0.5,0.5,,,PENDING,f,,,,,,,16.9966,,2025-06-10 20:13:20.001+08,2025-06-10 20:13:20.599909+08,,2025-06-10 20:13:20.002661+08,,active,,6,,,,,,6.13715E-08,0.0000098,,,,,,,,,,,,,,,,,,,,,,normal,,NEW,13:20.0,,0,0,0,,,,,,0,,,2025-06-10 20:13:19.998+08,1,0,,,,,,,,f,,,,,,f,f,f,helius,,0,,,,,,,,0,0,0,0
JAM1DX9N8GcWS2AQp3NkVafzgXqPnszJM72u7CAdTh4a,LOADING...,Loading...,unknown,5311.17,,5.43,0.5,0.5,0.5,,,PENDING,f,6nqnbo5JZT5pfsVYXRtdUEhy4zSBWXQ7qf6QZyCX8YLr,,,,,,3.1871,,2025-06-10 20:12:49.692+08,2025-06-10 20:14:10.798+08,,2025-06-10 20:12:49.693337+08,,active,,6,,,,,,3.32364E-08,0.00000531,,,,,,,,,,,,,,,,,,,,,,normal,,LOW,14:04.4,NEW,0,0,0,,,,,,0,,,2025-06-10 20:14:10.798+08,26,0,,,,,,,,f,,,,,,f,f,f,helius,,0,,,,,,,,0,0,0,0
HZio8jHNYHJ994x7cyr9T1o7eua6PnxSpwjm1g34eHZe,LOADING...,Loading...,unknown,4465.52,,0.16,0.5,0.5,0.5,,,PENDING,f,,,,,,,0.0173,,2025-06-10 20:12:59.849+08,2025-06-10 20:13:00.640838+08,,2025-06-10 20:12:59.850244+08,,active,,6,,,,,,2.79864E-08,0.00000447,,,,,,,,,,,,,,,,,,,,,,normal,,NEW,12:59.8,,0,0,0,,,,,,0,,,2025-06-10 20:12:59.843+08,1,0,,,,,,,,f,,,,,,f,f,f,helius,,0,,,,,,,,0,0,0,0
9r7rxCnQYmH9CYJxRU7RTBdEFa9goDfE8oZVTYkPQufS,LOADING...,Loading...,unknown,4473.66,,0.04,0.5,0.5,0.5,,,PENDING,f,6kXwF6FW6ZcCEFcLoeZ4E4NXaKBQDUJCNV5cxpGfvD79,,,,,,0.023,,2025-06-10 20:13:10.004+08,2025-06-10 20:14:01.236+08,,2025-06-10 20:13:10.004982+08,,active,,6,,,,,,2.79954E-08,0.00000447,,,,,,,,,,,,,,,,,,,,,,normal,,LOW,14:01.2,,0,0,0,,,,,,0,,,2025-06-10 20:14:01.236+08,1,0,,,,,,,,f,,,,,,f,f,f,helius,,0,,,,,,,,0,0,0,0
JBhBW2U5AJFjGsyrhP79bFjS8E6AMb86pLLJcVwwvz5J,LOADING...,Loading...,unknown,5985.46,,9.48,0.5,0.5,0.5,,,PENDING,f,,,,,,,5.5696,,2025-06-10 20:13:32.243+08,2025-06-10 20:13:32.243683+08,,2025-06-10 20:13:32.243683+08,,active,,6,,,,,,3.74794E-08,0.00000599,,,,,,,,,,,,,,,,,,,,,,normal,,NEW,13:32.2,,0,0,0,,,,,,0,,,2025-06-10 20:13:32.243+08,0,0,,,,,,,,f,,,,,,f,f,f,helius,,0,,,,,,,,0,0,0,0
HqKUg4pikToeC7F73v3g12PSNQuMtCX2HGtFgakzsQvj,LOADING...,Loading...,unknown,4471.61,,0.03,0.5,0.5,0.5,,,PENDING,f,Cao74ELC4wizHq8q9dUVUuAGrzdbULP3Ntw2QS2m2UES,,,,,,0.0149,,2025-06-10 20:13:28.409+08,2025-06-10 20:13:58.171+08,,2025-06-10 20:13:28.409591+08,,active,,6,,,,,,2.79826E-08,0.00000447,,,,,,,,,,,,,,,,,,,,,,normal,,LOW,13:58.2,NEW,0,0,0,,,,,,0,,,2025-06-10 20:13:58.171+08,6,0,,,,,,,,f,,,,,,f,f,f,helius,,0,,,,,,,,0,0,0,0
HXVGX2sXDjgZ2hRohawuwKhBb52284H7c5EKYP1yw39k,LOADING...,Loading...,unknown,4760.61,,1.98,0.5,0.5,0.5,,,PENDING,f,,,,,,,1.1654,,2025-06-10 20:13:03.509+08,2025-06-10 20:13:03.509693+08,,2025-06-10 20:13:03.509693+08,,active,,6,,,,,,2.98359E-08,0.00000476,,,,,,,,,,,,,,,,,,,,,,normal,,NEW,13:03.5,,0,0,0,,,,,,0,,,2025-06-10 20:13:03.509+08,0,0,,,,,,,,f,,,,,,f,f,f,helius,,0,,,,,,,,0,0,0,0
3JG4qPpfeKVYRGrAtCcQm1ed5LiT8FV3M6vHs4L9hQgM,LOADING...,Loading...,unknown,4484.3,,0.11,0.5,0.5,0.5,,,PENDING,f,2bcHVftevRTt9X9VJphm1Z5UsdwKViDSgVG1ki4tBKbt,,,,,,0.0649,,2025-06-10 20:13:38.877+08,2025-06-10 20:13:58.606+08,,2025-06-10 20:13:38.878509+08,,active,,6,,,,,,2.8062E-08,0.00000448,,,,,,,,,,,,,,,,,,,,,,normal,,NEW,13:58.6,NEW,0,0,0,,,,,,0,,,2025-06-10 20:13:58.605+08,2,0,,,,,,,,f,,,,,,f,f,f,helius,,0,,,,,,,,0,0,0,0
DwcRMctvp1Wq9sSCvGeLfcaV73CHuJHvVKq8KUVLTuRe,LOADING...,Loading...,unknown,4466.29,,0.04,0.5,0.5,0.5,,,PENDING,f,,,,,,,0.0049,,2025-06-10 20:13:23.03+08,2025-06-10 20:13:23.599263+08,,2025-06-10 20:13:23.030902+08,,active,,6,,,,,,2.79668E-08,0.00000447,,,,,,,,,,,,,,,,,,,,,,normal,,NEW,13:23.0,,0,0,0,,,,,,0,,,2025-06-10 20:13:23.028+08,1,0,,,,,,,,f,,,,,,f,f,f,helius,,0,,,,,,,,0,0,0,0
ENKiwxx5v7zcjr4BGJWLVqr7abCNWSq5YqBTSAM3RNDz,LOADING...,Loading...,unknown,5076.84,,3.96,0.5,0.5,0.5,,,PENDING,f,,,,,,,2.3286,,2025-06-10 20:13:47.083+08,2025-06-10 20:13:47.084463+08,,2025-06-10 20:13:47.084463+08,,active,,6,,,,,,3.17699E-08,0.00000508,,,,,,,,,,,,,,,,,,,,,,normal,,NEW,13:47.1,,0,0,0,,,,,,0,,,2025-06-10 20:13:47.083+08,0,0,,,,,,,,f,,,,,,f,f,f,helius,,0,,,,,,,,0,0,0,0
GeE2TtM4aCSQJpzhxJUJLm6kyEuv2RtohGHds16F1chx,LOADING...,Loading...,unknown,4465.42,,0,0.5,0.5,0.5,,,PENDING,f,,,,,,,0.0015,,2025-06-10 20:13:38.489+08,2025-06-10 20:13:38.490566+08,,2025-06-10 20:13:38.490566+08,,active,,6,,,,,,2.79613E-08,0.00000447,,,,,,,,,,,,,,,,,,,,,,normal,,NEW,13:38.5,,0,0,0,,,,,,0,,,2025-06-10 20:13:38.489+08,0,0,,,,,,,,f,,,,,,f,f,f,helius,,0,,,,,,,,0,0,0,0
J8UykTmCLoueYRBXWitv1zKuk8gvspqtENbs2REnFYLj,LOADING...,Loading...,unknown,4468.94,,0.03,0.5,0.5,0.5,,,PENDING,f,HAAPf1Sp34fMPNZS7hDhpUAgk2g6pSVAzdL58VundW78,,,,,,0.0154,,2025-06-10 20:12:45.437+08,2025-06-10 20:13:36.333+08,,2025-06-10 20:12:45.438589+08,,active,,6,,,,,,2.79834E-08,0.00000447,,,,,,,,,,,,,,,,,,,,,,normal,,LOW,13:36.3,NEW,0,0,0,,,,,,0,,,2025-06-10 20:13:36.333+08,9,0,,,,,,,,f,,,,,,f,f,f,helius,,0,,,,,,,,0,0,0,0
4F3MTjcorsnZvyje7DgeoArzJgCKfchvUZE9XYx7N3g3,LOADING...,Loading...,unknown,4527.62,,0.4,0.5,0.5,0.5,,,PENDING,f,,,,,,,0.2353,,2025-06-10 20:13:47.677+08,2025-06-10 20:13:47.677628+08,,2025-06-10 20:13:47.677628+08,,active,,6,,,,,,2.8333E-08,0.00000453,,,,,,,,,,,,,,,,,,,,,,normal,,NEW,13:47.7,,0,0,0,,,,,,0,,,2025-06-10 20:13:47.677+08,0,0,,,,,,,,f,,,,,,f,f,f,helius,,0,,,,,,,,0,0,0,0
VhxhHZ9VELyyupGjmLjYNMYbEpP1pyoFLJ8fScxASBW,LOADING...,Loading...,unknown,4649.49,,6.67,0.5,0.5,0.5,,,PENDING,f,,,,,,,0.7374,,2025-06-10 20:12:54.609+08,2025-06-10 20:12:55.58675+08,,2025-06-10 20:12:54.609789+08,,active,,6,,,,,,2.91394E-08,0.00000465,,,,,,,,,,,,,,,,,,,,,,normal,,NEW,12:54.6,,0,0,0,,,,,,0,,,2025-06-10 20:12:54.607+08,1,0,,,,,,,,f,,,,,,f,f,f,helius,,0,,,,,,,,0,0,0,0
4Aa64kK9mxSnQwkyCD5A7SD6A68Fdpv2h2SoSKeQzJKx,LOADING...,Loading...,unknown,5205.27,,4.79,0.5,0.5,0.5,,,PENDING,f,,,,,,,2.8134,,2025-06-10 20:13:16.096+08,2025-06-10 20:13:16.097282+08,,2025-06-10 20:13:16.097282+08,,active,,6,,,,,,3.25941E-08,0.00000521,,,,,,,,,,,,,,,,,,,,,,normal,,NEW,13:16.1,,0,0,0,,,,,,0,,,2025-06-10 20:13:16.096+08,0,0,,,,,,,,f,,,,,,f,f,f,helius,,0,,,,,,,,0,0,0,0
2SeLC9HvYxFmx8WjzkfAUyxadXzDzbQGJPiKarhczeGV,LOADING...,Loading...,unknown,4623.94,,1.06,0.5,0.5,0.5,,,PENDING,f,,,,,,,0.6225,,2025-06-10 20:13:17.947+08,2025-06-10 20:13:17.948471+08,,2025-06-10 20:13:17.948471+08,,active,,6,,,,,,2.89539E-08,0.00000462,,,,,,,,,,,,,,,,,,,,,,normal,,NEW,13:17.9,,0,0,0,,,,,,0,,,2025-06-10 20:13:17.947+08,0,0,,,,,,,,f,,,,,,f,f,f,helius,,0,,,,,,,,0,0,0,0
7WxGWWsEW7fBxrrHnQ7MqCGmwjWFZGLn1f6PGm1riAKu,LOADING...,Loading...,unknown,4522.51,,0.41,0.5,0.5,0.5,,,PENDING,f,2ZRcDSG7ZHrQgRL4J8pg2cNtxgyp2RyYSsRzSJEruezn,,,,,,0.242,,2025-06-10 20:12:51.43+08,2025-06-10 20:13:09.533+08,,2025-06-10 20:12:51.431144+08,,active,,6,,,,,,2.83437E-08,0.00000452,,,,,,,,,,,,,,,,,,,,,,normal,,NEW,13:01.0,NEW,0,0,0,,,,,,0,,,2025-06-10 20:13:09.532+08,6,0,,,,,,,,f,,,,,,f,f,f,helius,,0,,,,,,,,0,0,0,0
7w1tAS2GJVQnQ8LikXq9Wdj4Ru4gLJSwULxV7LJTf5yW,LOADING...,Loading...,unknown,4663.12,,1.3,0.5,0.5,0.5,,,PENDING,f,B2RPf7c3HYaRDLSDwMp4umw7zMBk7E5JRKbCRsCmHdj9,,,,,,0.763,,2025-06-10 20:12:55.282+08,2025-06-10 20:14:10.597+08,,2025-06-10 20:12:55.282868+08,,active,,6,,,,,,2.91809E-08,0.00000466,,,,,,,,,,,,,,,,,,,,,,normal,,NEW,14:09.8,NEW,0,0,0,,,,,,0,,,2025-06-10 20:14:10.596+08,23,0,,,,,,,,f,,,,,,f,f,f,helius,,0,,,,,,,,0,0,0,0
p4pkh9Sbd74tLZXDhAcmFizDHntb4QQ7LxND7fTuXkg,LOADING...,Loading...,unknown,5865.79,,46.6,0.5,0.5,0.5,,,PENDING,f,,,,,,,5.1464,,2025-06-10 20:13:59.817+08,2025-06-10 20:14:00.168664+08,,2025-06-10 20:13:59.818267+08,,active,,6,,,,,,3.67071E-08,0.00000587,,,,,,,,,,,,,,,,,,,,,,normal,,NEW,13:59.8,,0,0,0,,,,,,0,,,2025-06-10 20:13:59.81+08,1,0,,,,,,,,f,,,,,,f,f,f,helius,,0,,,,,,,,0,0,0,0
BLZ5bayvgX4f9mjLpaUPYDqf8BrovrVnFozMtzZg4mdR,LOADING...,Loading...,unknown,4463.42,,0.08,0.5,0.5,0.5,,,PENDING,f,,,,,,,0.009,,2025-06-10 20:12:59.849+08,2025-06-10 20:13:00.640838+08,,2025-06-10 20:12:59.85044+08,,active,,6,,,,,,2.79733E-08,0.00000446,,,,,,,,,,,,,,,,,,,,,,normal,,NEW,12:59.8,,0,0,0,,,,,,0,,,2025-06-10 20:12:59.843+08,1,0,,,,,,,,f,,,,,,f,f,f,helius,,0,,,,,,,,0,0,0,0
aW3M1tWd4DXeZmsk4kaJxv5Y7xknBeHzW5xaMdS1Kg3,LOADING...,Loading...,unknown,4497.13,,1.29,0.5,0.5,0.5,,,PENDING,f,HzWvHex78ttYHjQTzodLcEyCsoMHwdcMvDPPpvz3p4Em,,,,,,0.1421,,2025-06-10 20:12:45.12+08,2025-06-10 20:13:00.640838+08,,2025-06-10 20:12:45.124228+08,,active,,6,,,,,,2.81846E-08,0.0000045,,,,,,,,,,,,,,,,,,,,,,normal,,LOW,13:00.5,,0,0,0,,,,,,0,,,2025-06-10 20:13:00.485+08,3,0,,,,,,,,f,,,,,,f,f,f,helius,,0,,,,,,,,0,0,0,0
8yzTvZMCe54vzHz1tQpvSGun6QwMFbbWjHeCCHn6NxZV,LOADING...,Loading...,unknown,4466.74,,0.01,0.5,0.5,0.5,,,PENDING,f,,,,,,,0.0067,,2025-06-10 20:13:20.855+08,2025-06-10 20:13:20.855698+08,,2025-06-10 20:13:20.855698+08,,active,,6,,,,,,2.79696E-08,0.00000447,,,,,,,,,,,,,,,,,,,,,,normal,,NEW,13:20.9,,0,0,0,,,,,,0,,,2025-06-10 20:13:20.855+08,0,0,,,,,,,,f,,,,,,f,f,f,helius,,0,,,,,,,,0,0,0,0
6W4GqQvs4ddsZWeU8dyNNcfbhm14oeTHuTufPMUGmtWw,LOADING...,Loading...,unknown,5395.3,,5.98,0.5,0.5,0.5,,,PENDING,f,,,,,,,3.5198,,2025-06-10 20:12:45.539+08,2025-06-10 20:12:45.539927+08,,2025-06-10 20:12:45.539927+08,,active,,6,,,,,,3.38136E-08,0.0000054,,,,,,,,,,,,,,,,,,,,,,normal,,NEW,12:45.5,,0,0,0,,,,,,0,,,2025-06-10 20:12:45.539+08,0,0,,,,,,,,f,,,,,,f,f,f,helius,,0,,,,,,,,0,0,0,0
4KF5mFfLn5GDTtxb265vrDuCKheJSZGirL7ngLCpZciR,LOADING...,Loading...,unknown,8224.33,,114.02,0.5,0.5,0.5,,,PENDING,f,5fxoV3pLuyWujgJNsFCSKeqGjSh6DJHhjLd7HVKKujhE,,,,,,12.5913,,2025-06-10 20:12:53.993+08,2025-06-10 20:14:04.180881+08,,2025-06-10 20:12:53.994376+08,,active,,6,,,,,,5.14664E-08,0.00000822,,,,,,,,,,,,,,,,,,,,,,normal,,MEDIUM,14:03.2,NEW,0,0,0,,,,,,0,,,2025-06-10 20:14:03.208+08,8,0,,,,,,,,f,,,,,,f,f,f,helius,,0,,,,,,,,0,0,0,0
fTwtsexGDtHBegqnoyyHcR1oLm4YjycHg7YQMetb9Xp,LOADING...,Loading...,unknown,4581.57,,0.78,0.5,0.5,0.5,,,PENDING,f,H1EN59ykKdP2rvjFEcFoe3Vg2up4t9DNYVfeAJPqGb8J,,,,,,0.4576,,2025-06-10 20:13:12.226+08,2025-06-10 20:13:14.088+08,,2025-06-10 20:13:12.226748+08,,active,,6,,,,,,2.86886E-08,0.00000458,,,,,,,,,,,,,,,,,,,,,,normal,,LOW,13:14.1,,0,0,0,,,,,,0,,,2025-06-10 20:13:14.088+08,1,0,,,,,,,,f,,,,,,f,f,f,helius,,0,,,,,,,,0,0,0,0
1.11111E+31,LOADING...,Loading...,unknown,4767.11,,1.98,0.5,0.5,0.5,,,PENDING,f,7BhSfYUHpKwMfc818GZFtWE2vRY3qL78ux3aKJZkWQmq,,,,,,1.1629,,2025-06-10 20:12:45.116+08,2025-06-10 20:14:05.169+08,,2025-06-10 20:12:45.122257+08,,active,,6,,,,,,2.98317E-08,0.00000477,,,,,,,,,,,,,,,,,,,,,,normal,,NEW,14:01.9,NEW,0,0,0,,,,,,0,,,2025-06-10 20:14:05.167+08,9,0,,,,,,,,f,,,,,,f,f,f,helius,,0,,,,,,,,0,0,0,0
2EVrjeQesj2ZBgtVSHYmytmmmT7Zx42E5WLxV9RBaQRQ,LOADING...,Loading...,unknown,41679.73,,123.42,0.5,0.5,0.5,,,PENDING,f,,,,,,,72.5389,,2025-06-10 20:13:25.808+08,2025-06-10 20:13:34.089+08,,2025-06-10 20:13:25.80925+08,,active,,6,,,,,,2.60988E-07,0.00004168,,,,,,,,,,,,,,,,,,,,,,normal,,NEW,13:25.8,,0,0,0,,0,,,,0,0,,2025-06-10 20:13:25.808+08,0,0,,,,,,,,f,,,,,,f,f,f,helius,,0,0,"{""top1"": 0, ""top5"": 0, ""top10"": 0, ""top25"": 0, ""top50"": 0}",fallback,2025-06-10 20:13:34.088+08,,,,0,0,0,0
6GLsAxYr6ycQqcbz1aaCc3gKBEvqsjevCzsqLyNyqzqr,LOADING...,Loading...,unknown,13956.92,,46.13,0.5,0.5,0.5,,,PENDING,f,,,,,,,27.1332,,2025-06-10 20:13:10.212+08,2025-06-10 20:13:35.111+08,,2025-06-10 20:13:10.213395+08,,active,,6,,,,,,8.74713E-08,0.00001396,,,,,,,,,,,,,,,,,,,,,,normal,,NEW,13:10.2,,0,0,0,,0,,,,0,0,,2025-06-10 20:13:10.212+08,0,0,,,,,,,,f,,,,,,f,f,f,helius,,0,0,"{""top1"": 0, ""top5"": 0, ""top10"": 0, ""top25"": 0, ""top50"": 0}",fallback,2025-06-10 20:13:35.11+08,,,,0,0,0,0
6Dje7BbE8r7sWf7pzGVqvTGqDhnQ6iDHucjK5ieDpyBg,LOADING...,Loading...,unknown,16352.2,,291.85,0.5,0.5,0.5,,,PENDING,f,,,,,,,32.278,,2025-06-10 20:12:45.123+08,2025-06-10 20:13:35.137+08,,2025-06-10 20:12:45.125142+08,,active,,6,,,,,,1.02483E-07,0.00001635,,,,,,,,,,,,,,,,,,,,,,normal,,NEW,12:45.1,,0,0,0,,0,,,,0,0,,2025-06-10 20:12:45.115+08,1,0,,,,,,,,f,,,,,,f,f,f,helius,,0,0,"{""top1"": 0, ""top5"": 0, ""top10"": 0, ""top25"": 0, ""top50"": 0}",fallback,2025-06-10 20:13:35.137+08,,,,0,0,0,0
2mo7h44Q2A78bLDG7GUt4cKDk2PYquoUxJHRNLbDfyFx,LOADING...,Loading...,unknown,4507.75,,0.27,0.5,0.5,0.5,,,PENDING,f,,,,,,,0.1573,,2025-06-10 20:13:48.005+08,2025-06-10 20:13:48.006162+08,,2025-06-10 20:13:48.006162+08,,active,,6,,,,,,2.82087E-08,0.00000451,,,,,,,,,,,,,,,,,,,,,,normal,,NEW,13:48.0,,0,0,0,,,,,,0,,,2025-06-10 20:13:48.005+08,0,0,,,,,,,,f,,,,,,f,f,f,helius,,0,,,,,,,,0,0,0,0
Cibo8TN6xRvJ9vCiWEMqbBa9qyHEk8nD23ShavoEvw9Q,LOADING...,Loading...,unknown,4583.08,,0.81,0.5,0.5,0.5,,,PENDING,f,,,,,,,0.4791,,2025-06-10 20:12:46.171+08,2025-06-10 20:12:46.172924+08,,2025-06-10 20:12:46.172924+08,,active,,6,,,,,,2.87233E-08,0.00000458,,,,,,,,,,,,,,,,,,,,,,normal,,NEW,12:46.2,,0,0,0,,,,,,0,,,2025-06-10 20:12:46.171+08,0,0,,,,,,,,f,,,,,,f,f,f,helius,,0,,,,,,,,0,0,0,0
8qWm2SKdfNQoLyjWc6hB5Z1QkpByDwwdFJV7nPgrbg8L,LOADING...,Loading...,unknown,4470.79,,0.02,0.5,0.5,0.5,,,PENDING,f,,,,,,,0.0116,,2025-06-10 20:13:55.503+08,2025-06-10 20:13:55.503531+08,,2025-06-10 20:13:55.503531+08,,active,,6,,,,,,2.79774E-08,0.00000447,,,,,,,,,,,,,,,,,,,,,,normal,,NEW,13:55.5,,0,0,0,,,,,,0,,,2025-06-10 20:13:55.503+08,0,0,,,,,,,,f,,,,,,f,f,f,helius,,0,,,,,,,,0,0,0,0
3n93ygWDwodM9CuUawmSza3vpFRNtg4SpUkfPbRsEb39,LOADING...,Loading...,unknown,4602.31,,0.9,0.5,0.5,0.5,,,PENDING,f,9aMze4LuwYnd9pDeq5bygvgmSmaWVWPSbAmiXLuysxVt,,,,,,0.5272,,2025-06-10 20:12:58.376+08,2025-06-10 20:13:55.043+08,,2025-06-10 20:12:58.377238+08,,active,,6,,,,,,2.88004E-08,0.0000046,,,,,,,,,,,,,,,,,,,,,,normal,,LOW,13:55.0,,0,0,0,,,,,,0,,,2025-06-10 20:13:55.043+08,1,0,,,,,,,,f,,,,,,f,f,f,helius,,0,,,,,,,,0,0,0,0
7Nz3NaGEBp9bYdFeX18Bwv2q7wHwsGunkV18bc938PKj,LOADING...,Loading...,unknown,11942.74,,38.15,0.5,0.5,0.5,,,PENDING,f,,,,,,,22.4098,,2025-06-10 20:14:04.444+08,2025-06-10 20:14:04.444659+08,,2025-06-10 20:14:04.444659+08,,active,,6,,,,,,7.47355E-08,0.00001194,,,,,,,,,,,,,,,,,,,,,,normal,,NEW,14:04.4,,0,0,0,,,,,,0,,,2025-06-10 20:14:04.444+08,0,0,,,,,,,,f,,,,,,f,f,f,helius,,0,,,,,,,,0,0,0,0
AkQDdXoNPpUSgftWKz5DEMoyDPdWyzJqwxFAZongHzCH,LOADING...,Loading...,unknown,8946.81,,24.95,0.5,0.5,0.5,,,PENDING,f,2ZuJCPyVqirmMWMj7WUNToKDs6aqSYCj4h8g49gwB4oS,,,,,,14.666,,2025-06-10 20:12:51.831+08,2025-06-10 20:13:25.584+08,,2025-06-10 20:12:51.832357+08,,active,,6,,,,,,5.60226E-08,0.00000895,,,,,,,,,,,,,,,,,,,,,,normal,,LOW,13:24.2,NEW,0,0,0,,,,,,0,,,2025-06-10 20:13:25.576+08,6,0,,,,,,,,f,,,,,,f,f,f,helius,,0,,,,,,,,0,0,0,0
4ZRtDB8PcQVqDsyrrtr5kRRYRZhYapt7w4saqFwS6HqU,LOADING...,Loading...,unknown,4495.28,,1.22,0.5,0.5,0.5,,,PENDING,f,,,,,,,0.1348,,2025-06-10 20:12:52.301+08,2025-06-10 20:12:52.566069+08,,2025-06-10 20:12:52.302061+08,,active,,6,,,,,,2.8173E-08,0.0000045,,,,,,,,,,,,,,,,,,,,,,normal,,NEW,12:52.3,,0,0,0,,,,,,0,,,2025-06-10 20:12:52.299+08,1,0,,,,,,,,f,,,,,,f,f,f,helius,,0,,,,,,,,0,0,0,0
BjMRkgnfkDPVPjLJqejEV5dhrnVNJ4ycriMp3ctcqYME,LOADING...,Loading...,unknown,5601.09,,38.46,0.5,0.5,0.5,,,PENDING,f,,,,,,,4.2531,,2025-06-10 20:12:54.998+08,2025-06-10 20:12:55.58675+08,,2025-06-10 20:12:54.998838+08,,active,,6,,,,,,3.51033E-08,0.0000056,,,,,,,,,,,,,,,,,,,,,,normal,,NEW,12:55.0,,0,0,0,,,,,,0,,,2025-06-10 20:12:54.99+08,1,0,,,,,,,,f,,,,,,f,f,f,helius,,0,,,,,,,,0,0,0,0
AQnzfoU1PaeUuqb4Tuqzz3vsvPQLsGpVyPoDygcN5s5Q,LOADING...,Loading...,unknown,4470.53,,0.2,0.5,0.5,0.5,,,PENDING,f,FJQ2ECCp7RkaSCPP3mXu5tqVyEDN6LGTEkvXfJtHuNuL,,,,,,0.0217,,2025-06-10 20:13:00.267+08,2025-06-10 20:13:29.923348+08,,2025-06-10 20:13:00.268384+08,,active,,6,,,,,,2.79933E-08,0.00000447,,,,,,,,,,,,,,,,,,,,,,normal,,NEW,13:29.3,NEW,0,0,0,,,,,,0,,,2025-06-10 20:13:29.306+08,5,0,,,,,,,,f,,,,,,f,f,f,helius,,0,,,,,,,,0,0,0,0
Cwu43zsEXDAJmACS8GCBsMWmu3gH4jHqmp3inhG5TBbu,LOADING...,Loading...,unknown,7094.87,,15.63,0.5,0.5,0.5,,,PENDING,f,,,,,,,9.1818,,2025-06-10 20:13:50.68+08,2025-06-10 20:13:50.680739+08,,2025-06-10 20:13:50.680739+08,,active,,6,,,,,,4.43984E-08,0.00000709,,,,,,,,,,,,,,,,,,,,,,normal,,NEW,13:50.7,,0,0,0,,,,,,0,,,2025-06-10 20:13:50.68+08,0,0,,,,,,,,f,,,,,,f,f,f,helius,,0,,,,,,,,0,0,0,0
ChLnQ7WPaDNejo7Yd5Mp9f6p8Axc8x5yzGzpDv7s8jPT,LOADING...,Loading...,unknown,4470.57,,0.02,0.5,0.5,0.5,,,PENDING,f,,,,,,,0.0108,,2025-06-10 20:14:01.236+08,2025-06-10 20:14:01.237536+08,,2025-06-10 20:14:01.237536+08,,active,,6,,,,,,2.79761E-08,0.00000447,,,,,,,,,,,,,,,,,,,,,,normal,,NEW,14:01.2,,0,0,0,,,,,,0,,,2025-06-10 20:14:01.236+08,0,0,,,,,,,,f,,,,,,f,f,f,helius,,0,,,,,,,,0,0,0,0
9ZCwtRY96unKkPQz85t5e4aWeeuKVh9jgoxgQ5YTosxU,LOADING...,Loading...,unknown,4932.05,,3.09,0.5,0.5,0.5,,,PENDING,f,,,,,,,1.8161,,2025-06-10 20:13:10.213+08,2025-06-10 20:13:10.213663+08,,2025-06-10 20:13:10.213663+08,,active,,6,,,,,,3.09103E-08,0.00000493,,,,,,,,,,,,,,,,,,,,,,normal,,NEW,13:10.2,,0,0,0,,,,,,0,,,2025-06-10 20:13:10.213+08,0,0,,,,,,,,f,,,,,,f,f,f,helius,,0,,,,,,,,0,0,0,0
25pXMkAfHTahExh78g7KUd1Yc3ZS4pGN6kW6a7ro2jqm,LOADING...,Loading...,unknown,4505.27,,0.27,0.5,0.5,0.5,,,PENDING,f,,,,,,,0.1586,,2025-06-10 20:13:23.995+08,2025-06-10 20:13:23.996259+08,,2025-06-10 20:13:23.996259+08,,active,,6,,,,,,2.82109E-08,0.00000451,,,,,,,,,,,,,,,,,,,,,,normal,,NEW,13:24.0,,0,0,0,,,,,,0,,,2025-06-10 20:13:23.995+08,0,0,,,,,,,,f,,,,,,f,f,f,helius,,0,,,,,,,,0,0,0,0
J961KvSa8fszkBZpT5gkqjpJJXz5T4E4nbnnVqhECa9q,LOADING...,Loading...,unknown,35770.32,,109.94,0.5,0.5,0.5,,,PENDING,f,5NuNasY3cHGuav4X3rA5VTBAeHvgWydbwL3K8iEpz3oL,,,,,,64.5712,,2025-06-10 20:12:48.055+08,2025-06-10 20:14:09.369+08,,2025-06-10 20:12:48.056146+08,,active,,6,,,,,,2.23844E-07,0.00003577,,,,,,,,,,,,,,,,,,,,,,normal,,HIGH,14:05.4,NEW,0,0,0,,0,,,,0,0,,2025-06-10 20:14:09.367+08,21,0,,,,,,,,f,,,,,,f,f,f,helius,2025-06-10 20:13:40.954+08,2,0,"{""top1"": 0, ""top5"": 0, ""top10"": 0, ""top25"": 0, ""top50"": 0}",fallback,2025-06-10 20:13:31.49+08,,,,0,0,0,0
4pFBXGyBpDwgBdMYJCkyWLiatAt5d4m5bRLmDVpeXpAT,LOADING...,Loading...,unknown,4475.09,,0.5,0.5,0.5,0.5,,,PENDING,f,,,,,,,0.0552,,2025-06-10 20:12:59.85+08,2025-06-10 20:13:00.640838+08,,2025-06-10 20:12:59.85067+08,,active,,6,,,,,,2.80465E-08,0.00000448,,,,,,,,,,,,,,,,,,,,,,normal,,NEW,12:59.9,,0,0,0,,,,,,0,,,2025-06-10 20:12:59.843+08,1,0,,,,,,,,f,,,,,,f,f,f,helius,,0,,,,,,,,0,0,0,0
Bz86iSWsDpQVNKs5iQC1ED6oTptKHAiEB7txHnEiUBr1,LOADING...,Loading...,unknown,19708.35,,66.11,0.5,0.5,0.5,,,PENDING,f,,,,,,,38.8889,,2025-06-10 20:12:58.376+08,2025-06-10 20:13:34.612+08,,2025-06-10 20:12:58.377471+08,,active,,6,,,,,,1.23517E-07,0.00001971,,,,,,,,,,,,,,,,,,,,,,normal,,NEW,12:58.4,,0,0,0,,0,,,,0,0,,2025-06-10 20:12:58.376+08,0,0,,,,,,,,f,,,,,,f,f,f,helius,2025-06-10 20:14:09.48+08,2,0,"{""top1"": 0, ""top5"": 0, ""top10"": 0, ""top25"": 0, ""top50"": 0}",fallback,2025-06-10 20:13:34.612+08,,,,0,0,0,0
75CKZ7gK39KDRYtCkejUHTA52nUXKufmobdD8ksdhPJV,LOADING...,Loading...,unknown,4667.29,,7.06,0.5,0.5,0.5,,,PENDING,f,EB98Fri6LDeo3Ur8nbusXtPzmM5Bj2LvAZpbUZqmmq6E,,,,,,0.7792,,2025-06-10 20:13:50.674+08,2025-06-10 20:13:56.997464+08,,2025-06-10 20:13:50.675218+08,,active,,6,,,,,,2.92071E-08,0.00000467,,,,,,,,,,,,,,,,,,,,,,normal,,LOW,13:56.0,NEW,0,0,0,,,,,,0,,,2025-06-10 20:13:55.98+08,5,0,,,,,,,,f,,,,,,f,f,f,helius,,0,,,,,,,,0,0,0,0
4NBkCf6wya4B5J9e4DuCGPg1Sp8j1c1pJJuwKZzut3VD,LOADING...,Loading...,unknown,4475.68,,0.07,0.5,0.5,0.5,,,PENDING,f,,,,,,,0.042,,2025-06-10 20:13:28.408+08,2025-06-10 20:13:28.409052+08,,2025-06-10 20:13:28.409052+08,,active,,6,,,,,,2.80256E-08,0.00000448,,,,,,,,,,,,,,,,,,,,,,normal,,NEW,13:28.4,,0,0,0,,,,,,0,,,2025-06-10 20:13:28.408+08,0,0,,,,,,,,f,,,,,,f,f,f,helius,,0,,,,,,,,0,0,0,0
FmzoS8FZhR3kFfxbtShEarBp9iRjcYZXrHz1v1K5JKTJ,LOADING...,Loading...,unknown,4467.91,,0.02,0.5,0.5,0.5,,,PENDING,f,,,,,,,0.0113,,2025-06-10 20:13:28.618+08,2025-06-10 20:13:28.619319+08,,2025-06-10 20:13:28.619319+08,,active,,6,,,,,,2.79769E-08,0.00000447,,,,,,,,,,,,,,,,,,,,,,normal,,NEW,13:28.6,,0,0,0,,,,,,0,,,2025-06-10 20:13:28.618+08,0,0,,,,,,,,f,,,,,,f,f,f,helius,,0,,,,,,,,0,0,0,0
E2816GXH4PTKK4JoiZ8aCNuKp76UBgx1D5MTdLjd6Hyn,LOADING...,Loading...,unknown,4467.43,,0.23,0.5,0.5,0.5,,,PENDING,f,,,,,,,0.0249,,2025-06-10 20:12:52.034+08,2025-06-10 20:12:52.566069+08,,2025-06-10 20:12:52.034797+08,,active,,6,,,,,,2.79984E-08,0.00000447,,,,,,,,,,,,,,,,,,,,,,normal,,NEW,12:52.0,,0,0,0,,,,,,0,,,2025-06-10 20:12:52.033+08,1,0,,,,,,,,f,,,,,,f,f,f,helius,,0,,,,,,,,0,0,0,0
ER561nUdWcJzCvbykPL34Sv6XzGXiW4y7LP1Nezfvp95,LOADING...,Loading...,unknown,4462.03,,0.03,0.5,0.5,0.5,,,PENDING,f,14Ef75aQzVe4hTmZDFRni6JeCCSEUfei7EvArhu4Z38n,,,,,,0.0035,,2025-06-10 20:12:50.085+08,2025-06-10 20:12:52.566069+08,,2025-06-10 20:12:50.08655+08,,active,,6,,,,,,2.79646E-08,0.00000446,,,,,,,,,,,,,,,,,,,,,,normal,,LOW,12:51.8,,0,0,0,,,,,,0,,,2025-06-10 20:12:51.83+08,2,0,,,,,,,,f,,,,,,f,f,f,helius,,0,,,,,,,,0,0,0,0
8u9uH58wRhwkDUGNou2WiBcyxyzEroWKntpPcybfYGXx,LOADING...,Loading...,unknown,6078.34,,10.01,0.5,0.5,0.5,,,PENDING,f,8LRRRgGb6AuZaazrfgmLZy86TNsZz8Zt9onY1SLH6xqz,,,,,,5.8854,,2025-06-10 20:12:53.799+08,2025-06-10 20:13:36.965+08,,2025-06-10 20:12:53.799791+08,,active,,6,,,,,,3.8061E-08,0.00000608,,,,,,,,,,,,,,,,,,,,,,normal,,NEW,13:37.0,NEW,0,0,0,,,,,,0,,,2025-06-10 20:13:36.963+08,2,0,,,,,,,,f,,,,,,f,f,f,helius,,0,,,,,,,,0,0,0,0
GFofHRLNXNG79M4aN58EcqAL29y2zgpa5avYAEDu1mmp,LOADING...,Loading...,unknown,8154.27,,21.12,0.5,0.5,0.5,,,PENDING,f,,,,,,,12.4228,,2025-06-10 20:12:53.043+08,2025-06-10 20:12:53.04425+08,,2025-06-10 20:12:53.04425+08,,active,,6,,,,,,5.11047E-08,0.00000815,,,,,,,,,,,,,,,,,,,,,,normal,,NEW,12:53.0,,0,0,0,,,,,,0,,,2025-06-10 20:12:53.043+08,0,0,,,,,,,,f,,,,,,f,f,f,helius,,0,,,,,,,,0,0,0,0
369CpyVEiWk57z86rS5u2ySARV1TSUXRHgvUCfTU6t2G,LOADING...,Loading...,unknown,6215.07,,57.43,0.5,0.5,0.5,,,PENDING,f,AzvjLbzfiGi429BGPmNUQs9zJPHL65ivoz5LeDD7U3o8,,,,,,6.346,,2025-06-10 20:13:01.431+08,2025-06-10 20:13:16.092129+08,,2025-06-10 20:13:01.431835+08,,active,,6,,,,,,3.89172E-08,0.00000622,,,,,,,,,,,,,,,,,,,,,,normal,,NEW,13:14.8,NEW,0,0,0,,,,,,0,,,2025-06-10 20:13:14.798+08,3,0,,,,,,,,f,,,,,,f,f,f,helius,,0,,,,,,,,0,0,0,0
3qYSjAXv2XVzj7tJu63AHMAPVQxfsh7FgY8juP9dSyUq,LOADING...,Loading...,unknown,4736.96,,1.83,0.5,0.5,0.5,,,PENDING,f,,,,,,,1.0747,,2025-06-10 20:13:05.35+08,2025-06-10 20:13:05.351077+08,,2025-06-10 20:13:05.351077+08,,active,,6,,,,,,2.96877E-08,0.00000474,,,,,,,,,,,,,,,,,,,,,,normal,,NEW,13:05.4,,0,0,0,,,,,,0,,,2025-06-10 20:13:05.35+08,0,0,,,,,,,,f,,,,,,f,f,f,helius,,0,,,,,,,,0,0,0,0
6uyghL5NrcjoL4TXHkuXU6WYEfT95DbX8emaw3eYfLXi,LOADING...,Loading...,unknown,4478.05,,0.6,0.5,0.5,0.5,,,PENDING,f,,,,,,,0.0668,,2025-06-10 20:13:08.072+08,2025-06-10 20:13:08.70604+08,,2025-06-10 20:13:08.072947+08,,active,,6,,,,,,2.8065E-08,0.00000448,,,,,,,,,,,,,,,,,,,,,,normal,,NEW,13:08.1,,0,0,0,,,,,,0,,,2025-06-10 20:13:08.068+08,1,0,,,,,,,,f,,,,,,f,f,f,helius,,0,,,,,,,,0,0,0,0
79dSyyDLdzQeGmYQQWbS1UxWAgNuSHpZfBPzxcVLziJT,LOADING...,Loading...,unknown,5427.26,,6.16,0.5,0.5,0.5,,,PENDING,f,6K1g3kbQgHz5L45cc3YqunJmxzgdsg5dPAgdh3fAZMrB,,,,,,3.6175,,2025-06-10 20:13:07.664+08,2025-06-10 20:13:17.529+08,,2025-06-10 20:13:07.665358+08,,active,,6,,,,,,3.39841E-08,0.00000543,,,,,,,,,,,,,,,,,,,,,,normal,,NEW,13:17.5,NEW,0,0,0,,,,,,0,,,2025-06-10 20:13:17.528+08,1,0,,,,,,,,f,,,,,,f,f,f,helius,,0,,,,,,,,0,0,0,0
8bibi8jt9ggzSzk4XnJF7gFeqVituimbVUw7XmuKRctr,LOADING...,Loading...,unknown,4760.46,,10.53,0.5,0.5,0.5,,,PENDING,f,F8SMzT6GmoheQ21nH14HGJdz25FqGrhhvpk3wk9WdzJ8,,,,,,1.1648,,2025-06-10 20:12:46.173+08,2025-06-10 20:12:49.552159+08,,2025-06-10 20:12:46.174306+08,,active,,6,,,,,,2.98349E-08,0.00000476,,,,,,,,,,,,,,,,,,,,,,normal,,NEW,12:48.3,NEW,0,0,0,,,,,,0,,,2025-06-10 20:12:48.81+08,6,0,,,,,,,,f,,,,,,f,f,f,helius,,0,,,,,,,,0,0,0,0
EFxyojpMb3kq24XNds3CzPWqfs7kkPqDF6XhYKgw6y9U,LOADING...,Loading...,unknown,4463.22,,0.07,0.5,0.5,0.5,,,PENDING,f,,,,,,,0.0082,,2025-06-10 20:12:48.879+08,2025-06-10 20:12:49.552159+08,,2025-06-10 20:12:48.880297+08,,active,,6,,,,,,2.7972E-08,0.00000446,,,,,,,,,,,,,,,,,,,,,,normal,,NEW,12:48.9,,0,0,0,,,,,,0,,,2025-06-10 20:12:48.877+08,1,0,,,,,,,,f,,,,,,f,f,f,helius,,0,,,,,,,,0,0,0,0
FiJBFXEw835udQ8tF5LSxWutQw35GVQ2Dj1Pg9xSrjyQ,LOADING...,Loading...,unknown,8829.25,,129.83,0.5,0.5,0.5,,,PENDING,f,,,,,,,14.3584,,2025-06-10 20:13:00.267+08,2025-06-10 20:13:00.640838+08,,2025-06-10 20:13:00.26793+08,,active,,6,,,,,,5.5335E-08,0.00000883,,,,,,,,,,,,,,,,,,,,,,normal,,NEW,13:00.3,,0,0,0,,,,,,0,,,2025-06-10 20:13:00.265+08,1,0,,,,,,,,f,,,,,,f,f,f,helius,,0,,,,,,,,0,0,0,0
3d2JYvRKasAVWR9wVur2tk79etakwMyJ521uM8PXsJqi,LOADING...,Loading...,unknown,40179.33,,120.11,0.5,0.5,0.5,,,PENDING,f,eUPax7ouViabdvNhdWKKbzF3daAGePeobc82QqbSCkj,,,,,,70.547,,2025-06-10 20:13:24.23+08,2025-06-10 20:14:02.416+08,,2025-06-10 20:13:24.231411+08,,active,,6,,,,,,2.51435E-07,0.00004018,,,,,,,,,,,,,,,,,,,,,,normal,,HIGH,13:42.2,NEW,0,0,0,,0,,,,0,0,,2025-06-10 20:14:02.415+08,4,0,,,,,,,,f,,,,,,f,f,f,helius,,0,0,"{""top1"": 0, ""top5"": 0, ""top10"": 0, ""top25"": 0, ""top50"": 0}",fallback,2025-06-10 20:13:33.995+08,,,,0,0,0,0
77wmPdBmf1N6KiSUysumht6uvtgBisU1KHgh6AbA6UQN,LOADING...,Loading...,unknown,35128.2,,108.4,0.5,0.5,0.5,,,PENDING,f,EoySM6rFPaLAB2S9GTcKGGTjQGWix7hv93vPWdkRUuxR,,,,,,63.6708,,2025-06-10 20:12:46.172+08,2025-06-10 20:14:09.781+08,,2025-06-10 20:12:46.173528+08,,active,,6,,,,,,2.19826E-07,0.00003513,,,,,,,,,,,,,,,,,,,,,,normal,,HIGH,14:03.8,NEW,0,0,0,,0,,,,0,0,,2025-06-10 20:14:09.778+08,21,0,,,,,,,,f,,,,,,f,f,f,helius,2025-06-10 20:13:48.069+08,2,0,"{""top1"": 0, ""top5"": 0, ""top10"": 0, ""top25"": 0, ""top50"": 0}",fallback,2025-06-10 20:13:29.4+08,,,,0,0,0,0
2GF9jW36v8ZKZJ8FhQH2ee5CRMPLbEzh8TCKxF7a2Brg,LOADING...,Loading...,unknown,4463.46,,0.02,0.5,0.5,0.5,,,PENDING,f,,,,,,,0.0092,,2025-06-10 20:12:50.269+08,2025-06-10 20:12:50.269685+08,,2025-06-10 20:12:50.269685+08,,active,,6,,,,,,2.79735E-08,0.00000446,,,,,,,,,,,,,,,,,,,,,,normal,,NEW,12:50.3,,0,0,0,,,,,,0,,,2025-06-10 20:12:50.269+08,0,0,,,,,,,,f,,,,,,f,f,f,helius,,0,,,,,,,,0,0,0,0
2mBgftUCjCzp6Ymyqjx9sQWjAYHBLuhLkrfjYaLQL5TY,LOADING...,Loading...,unknown,7084.68,,82.93,0.5,0.5,0.5,,,PENDING,f,FnhiaFDBqn5TeTtpBn3xYEjoYfKV6pyKs6MYG7s8zwsz,,,,,,9.1638,,2025-06-10 20:12:48.264+08,2025-06-10 20:13:22.599666+08,,2025-06-10 20:12:48.265558+08,,active,,6,,,,,,4.43624E-08,0.00000708,,,,,,,,,,,,,,,,,,,,,,normal,,LOW,13:18.4,NEW,0,0,0,,,,,,0,,,2025-06-10 20:13:22.048+08,11,0,,,,,,,,f,,,,,,f,f,f,helius,,0,,,,,,,,0,0,0,0
BtdpTACco8oAEKbiy8hUSa7pMmsRbG7XojqBaebGNAAA,LOADING...,Loading...,unknown,4528.36,,2.16,0.5,0.5,0.5,,,PENDING,f,HLZQGBetwwYiyVgH2CLMmL9W2Xa7MBenAKfK8o8anW1C,,,,,,0.2382,,2025-06-10 20:13:19.518+08,2025-06-10 20:14:04.180881+08,,2025-06-10 20:13:19.5188+08,,active,,6,,,,,,2.83376E-08,0.00000453,,,,,,,,,,,,,,,,,,,,,,normal,,NEW,13:37.9,NEW,0,0,0,,,,,,0,,,2025-06-10 20:14:04.054+08,12,0,,,,,,,,f,,,,,,f,f,f,helius,,0,,,,,,,,0,0,0,0
4tjQ4jfEHZV29xQ7q8hVsfnbNsqUvS2u4qHPLKpcNf9a,LOADING...,Loading...,unknown,4980.87,,17.85,0.5,0.5,0.5,,,PENDING,f,3FUPgYKUySa8WHRsocaWEbGooH1RhfPiGmR9EptV1SWg,,,,,,1.9713,,2025-06-10 20:12:46.175+08,2025-06-10 20:14:07.180592+08,,2025-06-10 20:12:46.176641+08,,active,,6,,,,,,3.11694E-08,0.00000498,,,,,,,,,,,,,,,,,,,,,,normal,,LOW,14:06.3,NEW,0,0,0,,,,,,0,,,2025-06-10 20:14:06.327+08,50,0,,,,,,,,f,,,,,,f,f,f,helius,,0,,,,,,,,0,0,0,0
FNLak5A7bxXdeZV5wP22X9bvrDSRruFe4chgt9GTXnz3,LOADING...,Loading...,unknown,4767.11,,1.98,0.5,0.5,0.5,,,PENDING,f,,,,,,,1.1629,,2025-06-10 20:14:05.758+08,2025-06-10 20:14:05.759282+08,,2025-06-10 20:14:05.759282+08,,active,,6,,,,,,2.98317E-08,0.00000477,,,,,,,,,,,,,,,,,,,,,,normal,,NEW,14:05.8,,0,0,0,,,,,,0,,,2025-06-10 20:14:05.758+08,0,0,,,,,,,,f,,,,,,f,f,f,helius,,0,,,,,,,,0,0,0,0
8XRMJTcJ2oJttect7UN2tWViAEyrzD4jV3gd4KKpj64R,LOADING...,Loading...,unknown,10132.59,,30.4,0.5,0.5,0.5,,,PENDING,f,GUSz2spdw9pABViA4kjacMoVygpr9GFCTiATNhUFKZhQ,,,,,,17.8571,,2025-06-10 20:12:47.362+08,2025-06-10 20:14:05.758+08,,2025-06-10 20:12:47.36265+08,,active,,6,,,,,,6.34079E-08,0.00001013,,,,,,,,,,,,,,,,,,,,,,normal,,MEDIUM,14:05.8,NEW,0,0,0,,,,,,0,,,2025-06-10 20:14:05.758+08,9,0,,,,,,,,f,,,,,,f,f,f,helius,,0,,,,,,,,0,0,0,0
4x6ym9rZ6mQHoSKZ5rNYh3gxzHjn1QhKs8QWZBsc7pvt,LOADING...,Loading...,unknown,4781.83,,2.08,0.5,0.5,0.5,,,PENDING,f,Ej16NU4uUWZrjSHy7CuZ3QL649xCAqtr1CFAuVcD3tXH,,,,,,1.2191,,2025-06-10 20:12:57.602+08,2025-06-10 20:14:07.937+08,,2025-06-10 20:12:57.603573+08,,active,,6,,,,,,2.99238E-08,0.00000478,,,,,,,,,,,,,,,,,,,,,,normal,,NEW,13:43.3,NEW,0,0,0,,,,,,0,,,2025-06-10 20:14:07.935+08,6,0,,,,,,,,f,,,,,,f,f,f,helius,,0,,,,,,,,0,0,0,0
HfEKKFEBBtk7yeqPKUbG7ysCu3acRMLUN73pZ6tyt4C1,LOADING...,Loading...,unknown,4462.83,,0.06,0.5,0.5,0.5,,,PENDING,f,,,,,,,0.0067,,2025-06-10 20:12:47.667+08,2025-06-10 20:12:48.545479+08,,2025-06-10 20:12:47.667768+08,,active,,6,,,,,,2.79696E-08,0.00000446,,,,,,,,,,,,,,,,,,,,,,normal,,NEW,12:47.7,,0,0,0,,,,,,0,,,2025-06-10 20:12:47.666+08,1,0,,,,,,,,f,,,,,,f,f,f,helius,,0,,,,,,,,0,0,0,0
DJKMx7p9foidX2mvvie5hvumG8E6con749QmgT4yFC5H,LOADING...,Loading...,unknown,4844.43,,2.48,0.5,0.5,0.5,,,PENDING,f,2GYTs3Dmw3LuEkAZP7DECnR6sUSAnSLr13kYAp8KExWe,,,,,,1.4573,,2025-06-10 20:12:44.891+08,2025-06-10 20:14:08.139+08,,2025-06-10 20:12:44.891875+08,,active,,6,,,,,,3.03156E-08,0.00000484,,,,,,,,,,,,,,,,,,,,,,normal,,NEW,13:11.0,NEW,0,0,0,,,,,,0,,,2025-06-10 20:14:08.138+08,69,0,,,,,,,,f,,,,,,f,f,f,helius,2025-06-10 20:13:50.67+08,1,,,,,,,,0,0,0,0
BazseiCkxYLkzgss6HNhgVt1gaVS32eKJBh999SdjLRc,LOADING...,Loading...,unknown,6509.75,,12.44,0.5,0.5,0.5,,,PENDING,f,FMjYpmgWThryC1ZYhNeV9LfVz1phuTb262ijK1dHgyNM,,,,,,7.3084,,2025-06-10 20:12:55.7+08,2025-06-10 20:13:51.768+08,,2025-06-10 20:12:55.700825+08,,active,,6,,,,,,4.07368E-08,0.00000651,,,,,,,,,,,,,,,,,,,,,,normal,,LOW,13:20.0,NEW,0,0,0,,,,,,0,,,2025-06-10 20:13:51.768+08,7,0,,,,,,,,f,,,,,,f,f,f,helius,,0,,,,,,,,0,0,0,0
DhSZNUwkMi4YdyywqLBa2s4LrFm6WHJMSPDGP9D6Wzam,LOADING...,Loading...,unknown,7716.99,,18.91,0.5,0.5,0.5,,,PENDING,f,,,,,,,11.1257,,2025-06-10 20:12:52.649+08,2025-06-10 20:12:52.649866+08,,2025-06-10 20:12:52.649866+08,,active,,6,,,,,,4.83642E-08,0.00000772,,,,,,,,,,,,,,,,,,,,,,normal,,NEW,12:52.6,,0,0,0,,,,,,0,,,2025-06-10 20:12:52.649+08,0,0,,,,,,,,f,,,,,,f,f,f,helius,,0,,,,,,,,0,0,0,0
yV1HNzMFShYJnyeHtAFKQUjmHsCuyTLmr9ZPjTagyqg,LOADING...,Loading...,unknown,5937.1,,48.82,0.5,0.5,0.5,,,PENDING,f,EjimXTksgFcHgt15QnnhD5SpiRiVCqEq1kwnRcjTTRnV,,,,,,5.3915,,2025-06-10 20:13:53.236+08,2025-06-10 20:13:56.997464+08,,2025-06-10 20:13:53.237395+08,,active,,6,,,,,,3.71533E-08,0.00000594,,,,,,,,,,,,,,,,,,,,,,normal,,NEW,13:56.5,NEW,0,0,0,,,,,,0,,,2025-06-10 20:13:56.451+08,3,0,,,,,,,,f,,,,,,f,f,f,helius,,0,,,,,,,,0,0,0,0
5Rq1biquSTt2LtTseTowV2P5U3P6rNfHPiArxk73cSWL,LOADING...,Loading...,unknown,4933.44,,16.47,0.5,0.5,0.5,,,PENDING,f,,,,,,,1.8213,,2025-06-10 20:13:08.494+08,2025-06-10 20:13:08.70604+08,,2025-06-10 20:13:08.494837+08,,active,,6,,,,,,3.0919E-08,0.00000493,,,,,,,,,,,,,,,,,,,,,,normal,,NEW,13:08.5,,0,0,0,,,,,,0,,,2025-06-10 20:13:08.49+08,1,0,,,,,,,,f,,,,,,f,f,f,helius,,0,,,,,,,,0,0,0,0
Ta8HRVrbGEFhxwcEFKa86rtPuC8J7baSRgcGCiV4bRf,LOADING...,Loading...,unknown,17799.79,,59.85,0.5,0.5,0.5,,,PENDING,f,AitkbsG7MLFZNJKKkE7o7RyBtU4UZ8RH7tGYRk2aqU1M,,,,,,35.1746,,2025-06-10 20:13:04.953+08,2025-06-10 20:13:36.131+08,,2025-06-10 20:13:04.954391+08,,active,,6,,,,,,1.11458E-07,0.0000178,,,,,,,,,,,,,,,,,,,,,,normal,,NEW,13:36.1,NEW,0,0,0,,0,,,,0,0,,2025-06-10 20:13:36.128+08,1,0,,,,,,,,f,,,,,,f,f,f,helius,,0,0,"{""top1"": 0, ""top5"": 0, ""top10"": 0, ""top25"": 0, ""top50"": 0}",fallback,2025-06-10 20:13:34.994+08,,,,0,0,0,0
8URWJqD3fmEGEQVFgJEp2RSbcykTwmqfMf6QYT1Uryy7,LOADING...,Loading...,unknown,6840.86,,14.26,0.5,0.5,0.5,,,PENDING,f,,,,,,,8.3784,,2025-06-10 20:13:58.17+08,2025-06-10 20:13:58.171447+08,,2025-06-10 20:13:58.171447+08,,active,,6,,,,,,4.28089E-08,0.00000684,,,,,,,,,,,,,,,,,,,,,,normal,,NEW,13:58.2,,0,0,0,,,,,,0,,,2025-06-10 20:13:58.17+08,0,0,,,,,,,,f,,,,,,f,f,f,helius,,0,,,,,,,,0,0,0,0
HFqXo1M5MjX1qCC4hwaWtAe9yTVDUsNMn1SqHRHaPw9Q,LOADING...,Loading...,unknown,4465.94,,0.01,0.5,0.5,0.5,,,PENDING,f,FeiknLj5FLKFL6QNaUXsNzsKRnYoyBLyBsWKmqREhzCf,,,,,,0.0035,,2025-06-10 20:13:13.035+08,2025-06-10 20:13:13.73+08,,2025-06-10 20:13:13.03589+08,,active,,6,,,,,,2.79646E-08,0.00000447,,,,,,,,,,,,,,,,,,,,,,normal,,LOW,13:13.7,,0,0,0,,,,,,0,,,2025-06-10 20:13:13.73+08,1,0,,,,,,,,f,,,,,,f,f,f,helius,,0,,,,,,,,0,0,0,0
8H8J9GcXuJ3szcyujyyP41LB7p3JBKxBm9NbqQVpQzvS,LOADING...,Loading...,unknown,4541.53,,0.51,0.5,0.5,0.5,,,PENDING,f,5w7VVJjoRXA1QgzeiRnE8v5Tpen1uMTYLSztgx2XpEAb,,,,,,0.301,,2025-06-10 20:13:25.095+08,2025-06-10 20:13:36.744+08,,2025-06-10 20:13:25.095921+08,,active,,6,,,,,,2.84379E-08,0.00000454,,,,,,,,,,,,,,,,,,,,,,normal,,NEW,13:36.5,NEW,0,0,0,,,,,,0,,,2025-06-10 20:13:36.744+08,9,0,,,,,,,,f,,,,,,f,f,f,helius,,0,,,,,,,,0,0,0,0
F9qyW8AgU7v53L123puu718VFuDX5NRLWGtMYCRbCwN7,LOADING...,Loading...,unknown,4547.95,,0.55,0.5,0.5,0.5,,,PENDING,f,,,,,,,0.3262,,2025-06-10 20:13:17.315+08,2025-06-10 20:13:17.316611+08,,2025-06-10 20:13:17.316611+08,,active,,6,,,,,,2.84781E-08,0.00000455,,,,,,,,,,,,,,,,,,,,,,normal,,NEW,13:17.3,,0,0,0,,,,,,0,,,2025-06-10 20:13:17.315+08,0,0,,,,,,,,f,,,,,,f,f,f,helius,,0,,,,,,,,0,0,0,0
ErtaAgP84sjhx2rt7iY1pP1k7fAMW1LSLLth5woV1ZWY,LOADING...,Loading...,unknown,6294.8,,11.24,0.5,0.5,0.5,,,PENDING,f,6D3GiWofNtzfy5sXhdREuDkRKXkDQybdTQNoSSwt37R8,,,,,,6.5991,,2025-06-10 20:12:57.794+08,2025-06-10 20:14:09.985+08,,2025-06-10 20:12:57.795483+08,,active,,6,,,,,,3.93917E-08,0.00000629,,,,,,,,,,,,,,,,,,,,,,normal,,LOW,13:10.5,NEW,0,0,0,,,,,,0,,,2025-06-10 20:14:09.985+08,20,0,,,,,,,,f,,,,,,f,f,f,helius,,0,,,,,,,,0,0,0,0
C5EyyLhjD55FUAgsCRXPCbDG7QmPaFDUbvU95mz9sSr3,LOADING...,Loading...,unknown,4465.94,,0.03,0.5,0.5,0.5,,,PENDING,f,446xP1dposrn3NnQpazevmaWDdKAJnATw22ydyjYdFPi,,,,,,0.0035,,2025-06-10 20:13:40.112+08,2025-06-10 20:13:40.99708+08,,2025-06-10 20:13:40.113274+08,,active,,6,,,,,,2.79646E-08,0.00000447,,,,,,,,,,,,,,,,,,,,,,normal,,LOW,13:40.8,,0,0,0,,,,,,0,,,2025-06-10 20:13:40.796+08,3,0,,,,,,,,f,,,,,,f,f,f,helius,,0,,,,,,,,0,0,0,0
DVZVbtDQuWztwS3s4sjLP8x5YoVr9jYrTz8rPBxCa6Fs,LOADING...,Loading...,unknown,5069.5,,21.06,0.5,0.5,0.5,,,PENDING,f,,,,,,,2.3296,,2025-06-10 20:12:59.201+08,2025-06-10 20:12:59.627323+08,,2025-06-10 20:12:59.202552+08,,active,,6,,,,,,3.17718E-08,0.00000507,,,,,,,,,,,,,,,,,,,,,,normal,,NEW,12:59.2,,0,0,0,,,,,,0,,,2025-06-10 20:12:59.2+08,1,0,,,,,,,,f,,,,,,f,f,f,helius,,0,,,,,,,,0,0,0,0
3jkL6uAG9Esnq7JdoAXNfAnw2LH2rkvJrFSe5xCzWBiD,LOADING...,Loading...,unknown,4977.38,,3.33,0.5,0.5,0.5,,,PENDING,f,,,,,,,1.9582,,2025-06-10 20:14:01.944+08,2025-06-10 20:14:01.94521+08,,2025-06-10 20:14:01.94521+08,,active,,6,,,,,,3.11476E-08,0.00000498,,,,,,,,,,,,,,,,,,,,,,normal,,NEW,14:01.9,,0,0,0,,,,,,0,,,2025-06-10 20:14:01.944+08,0,0,,,,,,,,f,,,,,,f,f,f,helius,,0,,,,,,,,0,0,0,0
EWQMzQAZgkQnZQXxgUQQnmnzkSuSbii89eTnEbKow6uB,LOADING...,Loading...,unknown,51142.63,,143.21,0.5,0.5,0.5,,,PENDING,f,3JYc3N6VPqVQrLRBJrFC9fDQiJafU4SG1MDb39G56xgf,,,,,,84.117,,2025-06-10 20:12:45.447+08,2025-06-10 20:14:05.366+08,,2025-06-10 20:12:45.448433+08,,active,,6,,,,,,3.20041E-07,0.00005114,,,,,,,,,,,,,,,,,,,,,,normal,,HIGH,14:01.0,NEW,0,0,0,,0,,,,0,0,,2025-06-10 20:14:05.364+08,22,0,,,,,,,,f,,,,,,f,f,f,helius,2025-06-10 20:13:22.396+08,2,0,"{""top1"": 0, ""top5"": 0, ""top10"": 0, ""top25"": 0, ""top50"": 0}",fallback,2025-06-10 20:13:30.076+08,,,,0,0,0,0
9gVQ4Pu557DFF2HBnEuS6B491TzrTPwJaMJ6UwNVn6v3,LOADING...,Loading...,unknown,4463.42,,0.02,0.5,0.5,0.5,,,PENDING,f,,,,,,,0.009,,2025-06-10 20:13:11.982+08,2025-06-10 20:13:11.982914+08,,2025-06-10 20:13:11.982914+08,,active,,6,,,,,,2.79733E-08,0.00000446,,,,,,,,,,,,,,,,,,,,,,normal,,NEW,13:12.0,,0,0,0,,,,,,0,,,2025-06-10 20:13:11.982+08,0,0,,,,,,,,f,,,,,,f,f,f,helius,,0,,,,,,,,0,0,0,0
6s8WCzuC5YURVfCD6f79aAsKR1AqgjFxk8ARSK9zetzo,LOADING...,Loading...,unknown,19014.35,,339.72,0.5,0.5,0.5,,,PENDING,f,5WHp7tpmNSg59UMK8tLP5BcPokuCAdrKy6dyXwZ1ymZv,,,,,,37.5164,,2025-06-10 20:12:45.117+08,2025-06-10 20:14:00.168664+08,,2025-06-10 20:12:45.12402+08,,active,,6,,,,,,1.18988E-07,0.00001901,,,,,,,,,,,,,,,,,,,,,,normal,,HIGH,13:59.6,NEW,0,0,0,,0,,,,0,0,,2025-06-10 20:13:59.568+08,8,0,,,,,,,,f,,,,,,f,f,f,helius,2025-06-10 20:14:05.558+08,2,0,"{""top1"": 0, ""top5"": 0, ""top10"": 0, ""top25"": 0, ""top50"": 0}",fallback,2025-06-10 20:13:32.258+08,,,,0,0,0,0
CZ2Sj5m78aqiw2w37wbZpfi3brWk6Q6eM7TCVcY34oZN,LOADING...,Loading...,unknown,4466.74,,0.06,0.5,0.5,0.5,,,PENDING,f,,,,,,,0.0067,,2025-06-10 20:13:14.913+08,2025-06-10 20:13:16.092129+08,,2025-06-10 20:13:14.914369+08,,active,,6,,,,,,2.79696E-08,0.00000447,,,,,,,,,,,,,,,,,,,,,,normal,,NEW,13:14.9,,0,0,0,,,,,,0,,,2025-06-10 20:13:14.911+08,1,0,,,,,,,,f,,,,,,f,f,f,helius,,0,,,,,,,,0,0,0,0
7FZito8B47QXaiMBaiKCRQPpNJB6FHN49TU15vuMp9dd,LOADING...,Loading...,unknown,4508.24,,1.44,0.5,0.5,0.5,,,PENDING,f,,,,,,,0.1592,,2025-06-10 20:13:44.549+08,2025-06-10 20:13:45.530363+08,,2025-06-10 20:13:44.550126+08,,active,,6,,,,,,2.82118E-08,0.00000451,,,,,,,,,,,,,,,,,,,,,,normal,,NEW,13:44.5,,0,0,0,,,,,,0,,,2025-06-10 20:13:44.548+08,1,0,,,,,,,,f,,,,,,f,f,f,helius,,0,,,,,,,,0,0,0,0
F5RzYSvy6u2LBbkSGWJFJpf6K1BToWNcVRGKX9gAXc9d,LOADING...,Loading...,unknown,7613.53,,97.61,0.5,0.5,0.5,,,PENDING,f,C4Sso7WtJFRXm1A2tkEvyPHPmhi7JV6e9JzunXDssydo,,,,,,10.7788,,2025-06-10 20:12:44.714+08,2025-06-10 20:14:07.180592+08,,2025-06-10 20:12:44.718414+08,,active,,6,,,,,,4.76441E-08,0.00000761,,,,,,,,,,,,,,,,,,,,,,normal,,LOW,13:16.1,NEW,0,0,0,,,,,,0,,,2025-06-10 20:14:06.712+08,30,0,,,,,,,,f,,,,,,f,f,f,helius,2025-06-10 20:13:17.685+08,1,,,,,,,,0,0,0,0
8twAehowkYgxeGWEggb6j2onnN7Ki2s2fkFuUdz5b346,LOADING...,Loading...,unknown,4475,,0.05,0.5,0.5,0.5,,,PENDING,f,,,,,,,0.0282,,2025-06-10 20:14:08.531+08,2025-06-10 20:14:08.531896+08,,2025-06-10 20:14:08.531896+08,,active,,6,,,,,,2.80037E-08,0.00000447,,,,,,,,,,,,,,,,,,,,,,normal,,NEW,14:08.5,,0,0,0,,,,,,0,,,2025-06-10 20:14:08.531+08,0,0,,,,,,,,f,,,,,,f,f,f,helius,,0,,,,,,,,0,0,0,0
5Fksq5CjA9StWpZGzdd7qVUnkGSKZGNk1PN2mjPdN8XL,LOADING...,Loading...,unknown,35412.17,,109.08,0.5,0.5,0.5,,,PENDING,f,46nAd9drziUDGycZbeyCqs1d9DRk5emjkaAHoNwijaf1,,,,,,64.07,,2025-06-10 20:12:45.116+08,2025-06-10 20:14:07.483+08,,2025-06-10 20:12:45.123242+08,,active,,6,,,,,,2.21603E-07,0.00003541,,,,,,,,,,,,,,,,,,,,,,normal,,AIM,14:07.5,NEW,0,0,0,,0,,,,0,0,,2025-06-10 20:14:07.483+08,27,0,,,,,,,,f,,,,,,f,f,f,helius,2025-06-10 20:13:44.724+08,2,0,"{""top1"": 0, ""top5"": 0, ""top10"": 0, ""top25"": 0, ""top50"": 0}",fallback,2025-06-10 20:13:31.389+08,,,,0,0,0,0
8fvXAQrv6fahP5XamSsufkZHGgP4bLNAhvrmrewGXuBs,LOADING...,Loading...,unknown,42818.32,,125.93,0.5,0.5,0.5,,,PENDING,f,HtoGupNWovis1e2x3eYDjZnsZAP2QZYAeisgAutLhfKe,,,,,,73.9676,,2025-06-10 20:12:46.939+08,2025-06-10 20:14:09.156+08,,2025-06-10 20:12:46.93972+08,,active,,6,,,,,,2.67949E-07,0.00004282,,,,,,,,,,,,,,,,,,,,,,normal,,HIGH,14:05.2,NEW,0,0,0,,0,,,,0,0,,2025-06-10 20:14:09.156+08,38,0,,,,,,,,f,,,,,,f,f,f,helius,2025-06-10 20:13:31.739+08,2,0,"{""top1"": 0, ""top5"": 0, ""top10"": 0, ""top25"": 0, ""top50"": 0}",fallback,2025-06-10 20:13:30.787+08,,,,0,0,0,0
2GvaSBFc8wf4ecGr6gy26Zs2hGVRv6KAp98D2cWPqZLy,LOADING...,Loading...,unknown,4700.89,,8.23,0.5,0.5,0.5,,,PENDING,f,CkeUGv5WCdj4PPKBrMUWyNXu1cqprW1ZEQfeZTmkm9go,,,,,,0.9088,,2025-06-10 20:13:17.948+08,2025-06-10 20:13:54.89393+08,,2025-06-10 20:13:17.949231+08,,active,,6,,,,,,2.94173E-08,0.0000047,,,,,,,,,,,,,,,,,,,,,,normal,,NEW,13:52.2,NEW,0,0,0,,,,,,0,,,2025-06-10 20:13:54.359+08,16,0,,,,,,,,f,,,,,,f,f,f,helius,,0,,,,,,,,0,0,0,0
FUjAHTe7EtcANSm1jniyEDCDh1wK6TB3MEnF6m6ZLvt9,LOADING...,Loading...,unknown,25815.79,,84.35,0.5,0.5,0.5,,,PENDING,f,,,,,,,49.545,,2025-06-10 20:13:57.002+08,2025-06-10 20:13:57.003378+08,,2025-06-10 20:13:57.003378+08,,active,,6,,,,,,1.61551E-07,0.00002582,,,,,,,,,,,,,,,,,,,,,,normal,,NEW,13:57.0,,0,0,0,,,,,,0,,,2025-06-10 20:13:57.002+08,0,0,,,,,,,,f,,,,,,f,f,f,helius,,0,,,,,,,,0,0,0,0
7dwKuQgZJnRT6MeQTuPY2JoFN1ExTJ55ynSvJoGMAxsi,LOADING...,Loading...,unknown,4462.82,,0.01,0.5,0.5,0.5,,,PENDING,f,,,,,,,0.0067,,2025-06-10 20:13:02.267+08,2025-06-10 20:13:02.268018+08,,2025-06-10 20:13:02.268018+08,,active,,6,,,,,,2.79696E-08,0.00000446,,,,,,,,,,,,,,,,,,,,,,normal,,NEW,13:02.3,,0,0,0,,,,,,0,,,2025-06-10 20:13:02.267+08,0,0,,,,,,,,f,,,,,,f,f,f,helius,,0,,,,,,,,0,0,0,0
8BT1YHCMFd8GQYA5NivLZ6Azcax2ENVpSniWZxsXCCQZ,LOADING...,Loading...,unknown,4594.62,,0.87,0.5,0.5,0.5,,,PENDING,f,,,,,,,0.5084,,2025-06-10 20:13:25.808+08,2025-06-10 20:13:25.809103+08,,2025-06-10 20:13:25.809103+08,,active,,6,,,,,,2.87703E-08,0.00000459,,,,,,,,,,,,,,,,,,,,,,normal,,NEW,13:25.8,,0,0,0,,,,,,0,,,2025-06-10 20:13:25.808+08,0,0,,,,,,,,f,,,,,,f,f,f,helius,,0,,,,,,,,0,0,0,0
98aREzJwJoR9JoFFyd3GLgkonH3SknQKpagZbBgBH8ff,LOADING...,Loading...,unknown,4467.34,,0.08,0.5,0.5,0.5,,,PENDING,f,,,,,,,0.009,,2025-06-10 20:13:26.04+08,2025-06-10 20:13:26.861195+08,,2025-06-10 20:13:26.041575+08,,active,,6,,,,,,2.79733E-08,0.00000447,,,,,,,,,,,,,,,,,,,,,,normal,,NEW,13:26.0,,0,0,0,,,,,,0,,,2025-06-10 20:13:26.04+08,1,0,,,,,,,,f,,,,,,f,f,f,helius,,0,,,,,,,,0,0,0,0
CoG4JjpBpUs8dVCSLhuvrHbbzVgJMKzGsbKPVRcPgHns,LOADING...,Loading...,unknown,4478.81,,0.09,0.5,0.5,0.5,,,PENDING,f,,,,,,,0.0543,,2025-06-10 20:13:27.363+08,2025-06-10 20:13:27.364052+08,,2025-06-10 20:13:27.364052+08,,active,,6,,,,,,2.80451E-08,0.00000448,,,,,,,,,,,,,,,,,,,,,,normal,,NEW,13:27.4,,0,0,0,,,,,,0,,,2025-06-10 20:13:27.363+08,0,0,,,,,,,,f,,,,,,f,f,f,helius,,0,,,,,,,,0,0,0,0
3qT7Ktw1PDBqYDzCxqC9GLCUrdomJ8EYmdweno2WXmDL,LOADING...,Loading...,unknown,4465.05,,0,0.5,0.5,0.5,,,PENDING,f,,,,,,,0,,2025-06-10 20:13:28.618+08,2025-06-10 20:13:28.618947+08,,2025-06-10 20:13:28.618947+08,,active,,6,,,,,,2.7959E-08,0.00000447,,,,,,,,,,,,,,,,,,,,,,normal,,NEW,13:28.6,,0,0,0,,,,,,0,,,2025-06-10 20:13:28.618+08,0,0,,,,,,,,f,,,,,,f,f,f,helius,,0,,,,,,,,0,0,0,0
DbC3GRxa81P5thEFHYFyTt6HWcNBhJQjN2KiJHy2qgLb,LOADING...,Loading...,unknown,5192.03,,25.02,0.5,0.5,0.5,,,PENDING,f,,,,,,,2.7649,,2025-06-10 20:13:29.065+08,2025-06-10 20:13:29.923348+08,,2025-06-10 20:13:29.066206+08,,active,,6,,,,,,3.25112E-08,0.00000519,,,,,,,,,,,,,,,,,,,,,,normal,,NEW,13:29.1,,0,0,0,,,,,,0,,,2025-06-10 20:13:29.063+08,1,0,,,,,,,,f,,,,,,f,f,f,helius,,0,,,,,,,,0,0,0,0
3AHbePgWBEcXTYxxsibptRgFM8Lp9yYudFUvEavv5hhc,LOADING...,Loading...,unknown,4527.02,,0.4,0.5,0.5,0.5,,,PENDING,f,6tyw22bVoEFJ8tZDwvErC1d751WANzsPpTsqmyMqnAXC,,,,,,0.233,,2025-06-10 20:13:57.441+08,2025-06-10 20:14:00.278+08,,2025-06-10 20:13:57.442486+08,,active,,6,,,,,,2.83293E-08,0.00000453,,,,,,,,,,,,,,,,,,,,,,normal,,LOW,14:00.3,,0,0,0,,,,,,0,,,2025-06-10 20:14:00.277+08,1,0,,,,,,,,f,,,,,,f,f,f,helius,,0,,,,,,,,0,0,0,0
7eiGgyRsiNLWNZYvyGytnN7H8CTkvDGg3CftCqX55siQ,LOADING...,Loading...,unknown,4468.76,,0.13,0.5,0.5,0.5,,,PENDING,f,Eu8SnGr4Uwqo9kchgqQrwHMiqQNTTbE4xasC8jNGk194,,,,,,0.0147,,2025-06-10 20:13:07.665+08,2025-06-10 20:13:39.997183+08,,2025-06-10 20:13:07.665775+08,,active,,6,,,,,,2.79822E-08,0.00000447,,,,,,,,,,,,,,,,,,,,,,normal,,NEW,13:39.5,NEW,0,0,0,,,,,,0,,,2025-06-10 20:13:39.49+08,4,0,,,,,,,,f,,,,,,f,f,f,helius,,0,,,,,,,,0,0,0,0
6wUCb7MVxaZAdghX6MSbZMqJCt38YyZM6B7yEVGsxgih,LOADING...,Loading...,unknown,8348.82,,22.05,0.5,0.5,0.5,,,PENDING,f,CgSVHaDhfn4WUsM12hG9uMmSWSrEXR9rSkRZ6iu4n16Z,,,,,,12.9524,,2025-06-10 20:13:17.528+08,2025-06-10 20:14:10.397+08,,2025-06-10 20:13:17.529033+08,,active,,6,,,,,,5.22454E-08,0.00000835,,,,,,,,,,,,,,,,,,,,,,normal,,MEDIUM,14:10.4,NEW,0,0,0,,0,,,,0,0,,2025-06-10 20:14:10.397+08,156,0,,,,,,,,f,,,,,,f,f,f,helius,,0,0,"{""top1"": 0, ""top5"": 0, ""top10"": 0, ""top25"": 0, ""top50"": 0}",fallback,2025-06-10 20:13:35.976+08,,,,0,0,0,0
7KhL3W6GkrY4or8vrBmrGaZyL3jExFz8gj4rC718z9eY,LOADING...,Loading...,unknown,4465.35,,0,0.5,0.5,0.5,,,PENDING,f,,,,,,,0.0012,,2025-06-10 20:13:41.001+08,2025-06-10 20:13:41.001959+08,,2025-06-10 20:13:41.001959+08,,active,,6,,,,,,2.79608E-08,0.00000447,,,,,,,,,,,,,,,,,,,,,,normal,,NEW,13:41.0,,0,0,0,,,,,,0,,,2025-06-10 20:13:41.001+08,0,0,,,,,,,,f,,,,,,f,f,f,helius,,0,,,,,,,,0,0,0,0
14aXaeXeuuXfvAuvRmbK6ZSvS2rQzCCXPtiD1qzukQcT,LOADING...,Loading...,unknown,9118.28,,25.75,0.5,0.5,0.5,,,PENDING,f,GWzvv2MgU9sH5ShUcg6AXq7Hc12Qs6iDyygydT4EWC8H,,,,,,15.1267,,2025-06-10 20:12:45.437+08,2025-06-10 20:14:04.258+08,,2025-06-10 20:12:45.437734+08,,active,,6,,,,,,5.70606E-08,0.00000912,,,,,,,,,,,,,,,,,,,,,,normal,,LOW,13:51.8,NEW,0,0,0,,,,,,0,,,2025-06-10 20:14:04.257+08,19,0,,,,,,,,f,,,,,,f,f,f,helius,,0,,,,,,,,0,0,0,0
EyvrLD74BvEpf5L3Tvjz7fzGDUAeJnFKsnQcoqpuRAff,LOADING...,Loading...,unknown,4475.63,,0.38,0.5,0.5,0.5,,,PENDING,f,,,,,,,0.0418,,2025-06-10 20:13:23.279+08,2025-06-10 20:13:23.599263+08,,2025-06-10 20:13:23.279832+08,,active,,6,,,,,,2.80253E-08,0.00000448,,,,,,,,,,,,,,,,,,,,,,normal,,NEW,13:23.3,,0,0,0,,,,,,0,,,2025-06-10 20:13:23.277+08,1,0,,,,,,,,f,,,,,,f,f,f,helius,,0,,,,,,,,0,0,0,0
AVwRMrZkykeeZWQGFSYdhK2wJuwiJpLduigNwBgNXyYo,LOADING...,Loading...,unknown,4523.07,,1.97,0.5,0.5,0.5,,,PENDING,f,,,,,,,0.2174,,2025-06-10 20:13:54.821+08,2025-06-10 20:13:54.89393+08,,2025-06-10 20:13:54.822056+08,,active,,6,,,,,,2.83046E-08,0.00000452,,,,,,,,,,,,,,,,,,,,,,normal,,NEW,13:54.8,,0,0,0,,,,,,0,,,2025-06-10 20:13:54.819+08,1,0,,,,,,,,f,,,,,,f,f,f,helius,,0,,,,,,,,0,0,0,0
DtvM5jDSqYjehsya3hDEErzxie6TtogFAiiqQz54Sztb,LOADING...,Loading...,unknown,4480.11,,0.08,0.5,0.5,0.5,,,PENDING,f,HEyPWiykWn9moi88JNpfZQedy6qdYuLsrnm2z4LMcbGf,,,,,,0.0484,,2025-06-10 20:12:49.693+08,2025-06-10 20:13:55.27+08,,2025-06-10 20:12:49.693907+08,,active,,6,,,,,,2.80357E-08,0.00000448,,,,,,,,,,,,,,,,,,,,,,normal,,NEW,13:48.2,NEW,0,0,0,,,,,,0,,,2025-06-10 20:13:55.269+08,37,0,,,,,,,,f,,,,,,f,f,f,helius,,0,,,,,,,,0,0,0,0
3Tx9rimPi7nwAyNqHB8U4JhdcaLdhpVLuN9uSENYWJoY,LOADING...,Loading...,unknown,4469.54,,0.01,0.5,0.5,0.5,,,PENDING,f,Cg9d31VT6q5y2vBXsycbvjQUUbb5yDYXNy1WjwHYsXKz,,,,,,0.0067,,2025-06-10 20:12:48.879+08,2025-06-10 20:13:55.504+08,,2025-06-10 20:12:48.879819+08,,active,,6,,,,,,2.79696E-08,0.00000447,,,,,,,,,,,,,,,,,,,,,,normal,,NEW,13:45.7,NEW,0,0,0,,,,,,0,,,2025-06-10 20:13:55.504+08,21,0,,,,,,,,f,,,,,,f,f,f,helius,,0,,,,,,,,0,0,0,0
H37jBj8pRe8nnjCDkdZMrgeHQtXSpAzrx34uFfSGrEcu,LOADING...,Loading...,unknown,5049.18,,20.16,0.5,0.5,0.5,,,PENDING,f,bMhDv5kGa5Bt52AA9RbMzbG2dcAeuKbHdSbmBjepine,,,,,,2.2259,,2025-06-10 20:12:48.263+08,2025-06-10 20:14:07.180592+08,,2025-06-10 20:12:48.264179+08,,active,,6,,,,,,3.15969E-08,0.00000505,,,,,,,,,,,,,,,,,,,,,,normal,,LOW,14:07.1,NEW,0,0,0,,,,,,0,,,2025-06-10 20:14:07.086+08,23,0,,,,,,,,f,,,,,,f,f,f,helius,,0,,,,,,,,0,0,0,0
9jPZT94xWUCj9KpzeeQ1MSmK6rhivqkFbMwxFnTxrua,LOADING...,Loading...,unknown,7585.67,,18.22,0.5,0.5,0.5,,,PENDING,f,,,,,,,10.7089,,2025-06-10 20:13:32.027+08,2025-06-10 20:13:32.028427+08,,2025-06-10 20:13:32.028427+08,,active,,6,,,,,,4.74995E-08,0.00000759,,,,,,,,,,,,,,,,,,,,,,normal,,NEW,13:32.0,,0,0,0,,,,,,0,,,2025-06-10 20:13:32.027+08,0,0,,,,,,,,f,,,,,,f,f,f,helius,,0,,,,,,,,0,0,0,0
C1u8edRfr4gwVNHTXkhHdwXz6qhCcDcXBCfjrmrKWBYa,LOADING...,Loading...,unknown,7251.01,,16.47,0.5,0.5,0.5,,,PENDING,f,,,,,,,9.6827,,2025-06-10 20:13:43.12+08,2025-06-10 20:13:43.120596+08,,2025-06-10 20:13:43.120596+08,,active,,6,,,,,,4.5404E-08,0.00000725,,,,,,,,,,,,,,,,,,,,,,normal,,NEW,13:43.1,,0,0,0,,,,,,0,,,2025-06-10 20:13:43.12+08,0,0,,,,,,,,f,,,,,,f,f,f,helius,,0,,,,,,,,0,0,0,0
GVRTqSWtKaLG9Z9Y6mQdG4iYiVn3dooLVE4R6m8qjZNK,LOADING...,Loading...,unknown,4465.94,,0.01,0.5,0.5,0.5,,,PENDING,f,ARQCeCSjc96GEYZs5PLxKU9JTeD1F2hadU3PRqLWC6te,,,,,,0.0035,,2025-06-10 20:13:17.948+08,2025-06-10 20:13:18.593+08,,2025-06-10 20:13:17.948625+08,,active,,6,,,,,,2.79646E-08,0.00000447,,,,,,,,,,,,,,,,,,,,,,normal,,LOW,13:18.6,,0,0,0,,,,,,0,,,2025-06-10 20:13:18.593+08,1,0,,,,,,,,f,,,,,,f,f,f,helius,,0,,,,,,,,0,0,0,0
AnPaWv2JpJEYUF4devcZoagtKt3VxYLDWD3XoXLNBSAk,LOADING...,Loading...,unknown,4570.2,,3.74,0.5,0.5,0.5,,,PENDING,f,5kgKqvrir8P9XQTkHXKtbmptSa4KwuLaHSMmVT75nB2d,,,,,,0.4131,,2025-06-10 20:13:26.271+08,2025-06-10 20:13:26.861195+08,,2025-06-10 20:13:26.271936+08,,active,,6,,,,,,2.86174E-08,0.00000457,,,,,,,,,,,,,,,,,,,,,,normal,,LOW,13:26.7,,0,0,0,,,,,,0,,,2025-06-10 20:13:26.689+08,3,0,,,,,,,,f,,,,,,f,f,f,helius,,0,,,,,,,,0,0,0,0
4VWAfGgrTAHteNC7pwYSRSawLdes934Ea7vehegTfcJi,LOADING...,Loading...,unknown,5328.13,,5.55,0.5,0.5,0.5,,,PENDING,f,,,,,,,3.2605,,2025-06-10 20:13:27.139+08,2025-06-10 20:13:27.139933+08,,2025-06-10 20:13:27.139933+08,,active,,6,,,,,,3.33634E-08,0.00000533,,,,,,,,,,,,,,,,,,,,,,normal,,NEW,13:27.1,,0,0,0,,,,,,0,,,2025-06-10 20:13:27.139+08,0,0,,,,,,,,f,,,,,,f,f,f,helius,,0,,,,,,,,0,0,0,0
63Fv8njn1KZGpi5xEdjXYciWSpdzZBsxRRrP6demjVyb,LOADING...,Loading...,unknown,4482.25,,0.12,0.5,0.5,0.5,,,PENDING,f,,,,,,,0.0679,,2025-06-10 20:13:27.796+08,2025-06-10 20:13:27.797098+08,,2025-06-10 20:13:27.797098+08,,active,,6,,,,,,2.80667E-08,0.00000448,,,,,,,,,,,,,,,,,,,,,,normal,,NEW,13:27.8,,0,0,0,,,,,,0,,,2025-06-10 20:13:27.796+08,0,0,,,,,,,,f,,,,,,f,f,f,helius,,0,,,,,,,,0,0,0,0
5yqFLUkkX5Vi7EBiXV9BRcPaZNtgmymrwq9vbzHqE628,LOADING...,Loading...,unknown,4467.34,,0.08,0.5,0.5,0.5,,,PENDING,f,,,,,,,0.009,,2025-06-10 20:13:33.3+08,2025-06-10 20:13:33.98978+08,,2025-06-10 20:13:33.30134+08,,active,,6,,,,,,2.79733E-08,0.00000447,,,,,,,,,,,,,,,,,,,,,,normal,,NEW,13:33.3,,0,0,0,,,,,,0,,,2025-06-10 20:13:33.298+08,1,0,,,,,,,,f,,,,,,f,f,f,helius,,0,,,,,,,,0,0,0,0
D5NQkAEdpnYVcP6nZrBqJAvwha437Sd1Kn4D4XJo4U75,LOADING...,Loading...,unknown,4547.95,,0.55,0.5,0.5,0.5,,,PENDING,f,,,,,,,0.3262,,2025-06-10 20:13:28.007+08,2025-06-10 20:13:28.008286+08,,2025-06-10 20:13:28.008286+08,,active,,6,,,,,,2.84781E-08,0.00000455,,,,,,,,,,,,,,,,,,,,,,normal,,NEW,13:28.0,,0,0,0,,,,,,0,,,2025-06-10 20:13:28.007+08,0,0,,,,,,,,f,,,,,,f,f,f,helius,,0,,,,,,,,0,0,0,0
AATXHSeEzqXNGhVhyFFjK3TfP4ZxkzEMjwmUDj2bX1g5,LOADING...,Loading...,unknown,4773.75,,2.02,0.5,0.5,0.5,,,PENDING,f,,,,,,,1.1883,,2025-06-10 20:13:46.587+08,2025-06-10 20:13:46.587715+08,,2025-06-10 20:13:46.587715+08,,active,,6,,,,,,2.98733E-08,0.00000477,,,,,,,,,,,,,,,,,,,,,,normal,,NEW,13:46.6,,0,0,0,,,,,,0,,,2025-06-10 20:13:46.587+08,0,0,,,,,,,,f,,,,,,f,f,f,helius,,0,,,,,,,,0,0,0,0
BckKQYe9C94EiY5qSq1vX2gPKuAmshVqTSB3zA7qymvy,LOADING...,Loading...,unknown,5332.23,,29.64,0.5,0.5,0.5,,,PENDING,f,,,,,,,3.2753,,2025-06-10 20:13:35.759+08,2025-06-10 20:13:35.989731+08,,2025-06-10 20:13:35.759839+08,,active,,6,,,,,,3.3389E-08,0.00000533,,,,,,,,,,,,,,,,,,,,,,normal,,NEW,13:35.8,,0,0,0,,,,,,0,,,2025-06-10 20:13:35.757+08,1,0,,,,,,,,f,,,,,,f,f,f,helius,,0,,,,,,,,0,0,0,0
Bb1kgTirK8y5ZexEyUP3ie9oDXmqYb3tgZFJweh3WknJ,LOADING...,Loading...,unknown,9444.7,,27.28,0.5,0.5,0.5,,,PENDING,f,ATQaLuNxsNcPJwyHLczySvGDAKFKwhAP8nkmwmiSjCmN,,,,,,16.0212,,2025-06-10 20:12:45.446+08,2025-06-10 20:14:09.984+08,,2025-06-10 20:12:45.44723+08,,active,,6,,,,,,5.91032E-08,0.00000944,,,,,,,,,,,,,,,,,,,,,,normal,,LOW,14:09.4,NEW,0,0,0,,,,,,0,,,2025-06-10 20:14:09.986+08,123,0,,,,,,,,f,,,,,,f,f,f,helius,,0,,,,,,,,0,0,0,0
CddnpaxXQPEAd9rsbNUhS6tocVGJYta59KPxAfVGvZUM,LOADING...,Loading...,unknown,4935.22,,3.06,0.5,0.5,0.5,,,PENDING,f,,,,,,,1.8001,,2025-06-10 20:14:10.191+08,2025-06-10 20:14:10.192412+08,,2025-06-10 20:14:10.192412+08,,active,,6,,,,,,3.08837E-08,0.00000494,,,,,,,,,,,,,,,,,,,,,,normal,,NEW,14:10.2,,0,0,0,,,,,,0,,,2025-06-10 20:14:10.191+08,0,0,,,,,,,,f,,,,,,f,f,f,helius,,0,,,,,,,,0,0,0,0
EDJhrFUmT8WJ81HsyFiFq5dt8Ec6ByBp4aoRy8dtHo9K,LOADING...,Loading...,unknown,14586.27,,257.89,0.5,0.5,0.5,,,PENDING,f,26ZVM6treFt3hALyJnoVCR7EbSVbB3wnqnQXahhBZtWK,,,,,,28.4971,,2025-06-10 20:13:34.387+08,2025-06-10 20:13:39.997183+08,,2025-06-10 20:13:34.388092+08,,active,,6,,,,,,9.13354E-08,0.00001459,,,,,,,,,,,,,,,,,,,,,,normal,,NEW,13:39.3,NEW,0,0,0,,,,,,0,,,2025-06-10 20:13:39.289+08,3,0,,,,,,,,f,,,,,,f,f,f,helius,,0,,,,,,,,0,0,0,0
7JfuKTSQgWZ77hTJ4cFfrHbKkWHJKDJFG98c28uJkBmX,LOADING...,Loading...,unknown,11999.23,,38.39,0.5,0.5,0.5,,,PENDING,f,6LJ8R5Ff9rB4JxQH4JAQiptCdYcHqgcK4XzQKGHLm3vu,,,,,,22.5461,,2025-06-10 20:12:45.437+08,2025-06-10 20:14:10.197+08,,2025-06-10 20:12:45.43814+08,,active,,6,,,,,,7.50891E-08,0.000012,,,,,,,,,,,,,,,,,,,,,,normal,,LOW,14:09.2,NEW,0,0,0,,,,,,0,,,2025-06-10 20:14:10.196+08,140,0,,,,,,,,f,,,,,,f,f,f,helius,,0,,,,,,,,0,0,0,0
Ap5TZGGm2tsYqsVN7FmSE8tgpAic8qoFniEwzABrWDSi,LOADING...,Loading...,unknown,13345.53,,43.76,0.5,0.5,0.5,,,PENDING,f,HkpSTAXQk5gQPMTjzUXTQiSKNeCDGSWExLmP48NrrQ7f,,,,,,25.7046,,2025-06-10 20:12:46.544+08,2025-06-10 20:14:10.397+08,,2025-06-10 20:12:46.545646+08,,active,,6,,,,,,8.35139E-08,0.00001335,,,,,,,,,,,,,,,,,,,,,,normal,,MEDIUM,14:10.4,NEW,0,0,0,,0,,,,0,0,,2025-06-10 20:14:10.397+08,17,0,,,,,,,,f,,,,,,f,f,f,helius,,0,0,"{""top1"": 0, ""top5"": 0, ""top10"": 0, ""top25"": 0, ""top50"": 0}",fallback,2025-06-10 20:13:35.758+08,,,,0,0,0,0
4Chkh7bQa52C7HtmTkypvprjRgxjyGHdY7riYPKgMeS4,LOADING...,Loading...,unknown,5259.33,,5.11,0.5,0.5,0.5,,,PENDING,f,7tCYvNd6qjbQm2wq2rE9w7JWzdbQtXxVJXvZKPDpWk1B,,,,,,2.9988,,2025-06-10 20:12:45.121+08,2025-06-10 20:14:01.945+08,,2025-06-10 20:12:45.124875+08,,active,,6,,,,,,3.2912E-08,0.00000526,,,,,,,,,,,,,,,,,,,,,,normal,,LOW,12:46.9,NEW,0,0,0,,,,,,0,,,2025-06-10 20:14:01.945+08,31,0,,,,,,,,f,,,,,,f,f,f,helius,,0,,,,,,,,0,0,0,0
rPqrC8bUf7AgeLsGWaLVxafVyKose3RkXk6TRNws9P4,LOADING...,Loading...,unknown,4467.34,,0.08,0.5,0.5,0.5,,,PENDING,f,6NcpwJxXLbjB2EEqtsSPaHR6A5cfyoVhstELHoQgq4LR,,,,,,0.009,,2025-06-10 20:13:33.3+08,2025-06-10 20:13:34.989311+08,,2025-06-10 20:13:33.301577+08,,active,,6,,,,,,2.79733E-08,0.00000447,,,,,,,,,,,,,,,,,,,,,,normal,,LOW,13:34.8,,0,0,0,,,,,,0,,,2025-06-10 20:13:34.772+08,3,0,,,,,,,,f,,,,,,f,f,f,helius,,0,,,,,,,,0,0,0,0
D1DhGLhc7y7LJCzXMuoRFMifkB5iY22KYrq5g9oG8pLd,LOADING...,Loading...,unknown,7290.21,,16.68,0.5,0.5,0.5,,,PENDING,f,,,,,,,9.8041,,2025-06-10 20:13:37.172+08,2025-06-10 20:13:37.17289+08,,2025-06-10 20:13:37.17289+08,,active,,6,,,,,,4.56494E-08,0.00000729,,,,,,,,,,,,,,,,,,,,,,normal,,NEW,13:37.2,,0,0,0,,,,,,0,,,2025-06-10 20:13:37.172+08,0,0,,,,,,,,f,,,,,,f,f,f,helius,,0,,,,,,,,0,0,0,0
A5if1EKKPcs7PNoKmGXsajhLZiFuiXXgwV4vgymDbM6F,LOADING...,Loading...,unknown,11305.25,,188.79,0.5,0.5,0.5,,,PENDING,f,FPCP11qRh7nytPSSnQGdGbHU91mcnJoiAzspaTP2mZw3,,,,,,20.8486,,2025-06-10 20:12:47.278+08,2025-06-10 20:14:07.180592+08,,2025-06-10 20:12:47.2788+08,,active,,6,,,,,,7.07462E-08,0.00001131,,,,,,,,,,,,,,,,,,,,,,normal,,LOW,13:54.6,NEW,0,0,0,,0,,,,0,0,,2025-06-10 20:14:06.522+08,21,0,,,,,,,,f,,,,,,f,f,f,helius,,0,0,"{""top1"": 0, ""top5"": 0, ""top10"": 0, ""top25"": 0, ""top50"": 0}",fallback,2025-06-10 20:13:32.759+08,,,,0,0,0,0
BeoTPyzbQMqK2AZFNxMpB2Y4fgEodbiztW4XQQKDidBP,LOADING...,Loading...,unknown,44168.6,,685.28,0.5,0.5,0.5,,,PENDING,f,FgMY3aj6piDoxMaXfFVAx9ZD66gPdQvoMsxYamWc8Spv,,,,,,75.677,,2025-06-10 20:12:51.04+08,2025-06-10 20:14:07.180592+08,,2025-06-10 20:12:51.040821+08,,active,,6,,,,,,2.76399E-07,0.00004417,,,,,,,,,,,,,,,,,,,,,,normal,,AIM,14:06.9,NEW,0,0,0,,0,,,,0,0,,2025-06-10 20:14:06.899+08,17,0,,,,,,,,f,,,,,,f,f,f,helius,2025-06-10 20:13:27.687+08,2,0,"{""top1"": 0, ""top5"": 0, ""top10"": 0, ""top25"": 0, ""top50"": 0}",fallback,2025-06-10 20:13:30.354+08,,,,0,0,0,0
51cx3fGFmGCvjntMqPMuY9NLSGonGFBCZFzUnvDLQmwR,LOADING...,Loading...,unknown,24395.95,,80.32,0.5,0.5,0.5,,,PENDING,f,,,,,,,47.1789,,2025-06-10 20:13:57.222+08,2025-06-10 20:13:57.22326+08,,2025-06-10 20:13:57.22326+08,,active,,6,,,,,,1.52665E-07,0.0000244,,,,,,,,,,,,,,,,,,,,,,normal,,NEW,13:57.2,,0,0,0,,,,,,0,,,2025-06-10 20:13:57.222+08,0,0,,,,,,,,f,,,,,,f,f,f,helius,,0,,,,,,,,0,0,0,0
5JzRjmLSy5YR4ReFRpCK9k3WuToUpc7vkBhWPyy89kQ4,LOADING...,Loading...,unknown,4467.85,,0,0.5,0.5,0.5,,,PENDING,f,,,,,,,0,,2025-06-10 20:13:58.385+08,2025-06-10 20:13:58.386311+08,,2025-06-10 20:13:58.386311+08,,active,,6,,,,,,2.7959E-08,0.00000447,,,,,,,,,,,,,,,,,,,,,,normal,,NEW,13:58.4,,0,0,0,,,,,,0,,,2025-06-10 20:13:58.385+08,0,0,,,,,,,,f,,,,,,f,f,f,helius,,0,,,,,,,,0,0,0,0
HHV2LyoodgDExCkMZomNJebQWhZstisLD4p69viCAd6K,LOADING...,Loading...,unknown,5680.49,,7.67,0.5,0.5,0.5,,,PENDING,f,CZxf54eAB47RVy7t6xkVJRuuyhh1T9qjHRnJFBb87wtn,,,,,,4.5025,,2025-06-10 20:13:14.679+08,2025-06-10 20:14:10.191+08,,2025-06-10 20:13:14.680069+08,,active,,6,,,,,,3.55475E-08,0.00000568,,,,,,,,,,,,,,,,,,,,,,normal,,LOW,13:21.4,NEW,0,0,0,,,,,,0,,,2025-06-10 20:14:10.191+08,37,0,,,,,,,,f,,,,,,f,f,f,helius,,0,,,,,,,,0,0,0,0
HXvwrAMaPGqTdkJ6KX1bEAkW91P8L4FENGYA6xtoh3U5,LOADING...,Loading...,unknown,6979.06,,15.01,0.5,0.5,0.5,,,PENDING,f,HiQs1crmLWSs6LPsZ1vsT4PS4q2g4FFrFp5AwpiWG68M,,,,,,8.8174,,2025-06-10 20:14:08.737+08,2025-06-10 20:14:10.397+08,,2025-06-10 20:14:08.737916+08,,active,,6,,,,,,4.36737E-08,0.00000698,,,,,,,,,,,,,,,,,,,,,,normal,,LOW,14:10.0,NEW,0,0,0,,,,,,0,,,2025-06-10 20:14:10.397+08,3,0,,,,,,,,f,,,,,,f,f,f,helius,,0,,,,,,,,0,0,0,0
2txiFMhoCMvGXNYXgCcdpRkJdZNq2UvonALSSHERZUTU,LOADING...,Loading...,unknown,4474.58,,0.24,0.5,0.5,0.5,,,PENDING,f,41XZkZESmbrSCYdfvTRELe2iyLUF3EiXwQxVke6NiZ4p,,,,,,0.0266,,2025-06-10 20:13:21.405+08,2025-06-10 20:14:00.168664+08,,2025-06-10 20:13:21.405879+08,,active,,6,,,,,,2.80011E-08,0.00000447,,,,,,,,,,,,,,,,,,,,,,normal,,LOW,13:59.3,NEW,0,0,0,,,,,,0,,,2025-06-10 20:13:59.326+08,19,0,,,,,,,,f,,,,,,f,f,f,helius,,0,,,,,,,,0,0,0,0
5RkuRNiRopEz572wnAnodKmkmszsbbJ7tpSTtAmYHE1,LOADING...,Loading...,unknown,4468.74,,0.01,0.5,0.5,0.5,,,PENDING,f,EJaYCVVihQYinMYGexadz3ietTNd3Qc9sDfpSwuMtNKB,,,,,,0.0035,,2025-06-10 20:13:45.695+08,2025-06-10 20:14:00.51+08,,2025-06-10 20:13:45.696353+08,,active,,6,,,,,,2.79646E-08,0.00000447,,,,,,,,,,,,,,,,,,,,,,normal,,NEW,14:00.0,NEW,0,0,0,,,,,,0,,,2025-06-10 20:14:00.509+08,6,0,,,,,,,,f,,,,,,f,f,f,helius,,0,,,,,,,,0,0,0,0
D3sovmjANgA8V27e5rnQft8kV3mocSH8gw9zwth3Ba9g,LOADING...,Loading...,unknown,42086.66,,661.31,0.5,0.5,0.5,,,PENDING,f,FdkwPCnvuYYjHFmrAmEnoVAb1ov7G8eubqpdJrFQDqVL,,,,,,73.0301,,2025-06-10 20:12:48.466+08,2025-06-10 20:14:04.180881+08,,2025-06-10 20:12:48.466831+08,,active,,6,,,,,,2.63371E-07,0.00004209,,,,,,,,,,,,,,,,,,,,,,normal,,HIGH,13:59.8,NEW,0,0,0,,0,,,,0,0,,2025-06-10 20:14:03.21+08,41,0,,,,,,,,f,,,,,,f,f,f,helius,2025-06-10 20:13:36.116+08,2,0,"{""top1"": 0, ""top5"": 0, ""top10"": 0, ""top25"": 0, ""top50"": 0}",fallback,2025-06-10 20:13:29.484+08,,,,0,0,0,0
7xDCtQvxPG5DyhmAVFUZwLeU7fHGd3MidT13nrRa4FCg,LOADING...,Loading...,unknown,6741.44,,72.99,0.5,0.5,0.5,,,PENDING,f,31ZXiMQNh8JehZ6FUiw6D7cT1Ty4Z2BixwBnCWAfYhSp,,,,,,8.0599,,2025-06-10 20:12:45.123+08,2025-06-10 20:14:04.180881+08,,2025-06-10 20:12:45.125447+08,,active,,6,,,,,,4.21867E-08,0.00000674,,,,,,,,,,,,,,,,,,,,,,normal,,LOW,13:09.8,NEW,0,0,0,,,,,,0,,,2025-06-10 20:14:03.209+08,116,0,,,,,,,,f,,,,,,f,f,f,helius,,0,,,,,,,,0,0,0,0
3aSwymC5e5NGu24ryAaFzqbZDhhEC6DYuG6Sqnbbp9ST,LOADING...,Loading...,unknown,4468.74,,0.01,0.5,0.5,0.5,,,PENDING,f,AT7tZQcWogrLA9nh5Avznm4V9mkq4hJZtjL4vXqaVaFU,,,,,,0.0035,,2025-06-10 20:14:03.844+08,2025-06-10 20:14:04.647+08,,2025-06-10 20:14:03.845521+08,,active,,6,,,,,,2.79646E-08,0.00000447,,,,,,,,,,,,,,,,,,,,,,normal,,LOW,14:04.6,,0,0,0,,,,,,0,,,2025-06-10 20:14:04.647+08,2,0,,,,,,,,f,,,,,,f,f,f,helius,,0,,,,,,,,0,0,0,0
HEDRWWRUdwJFnfcVVBbBvgFe32rGiqqDbav1hTgnrkzx,LOADING...,Loading...,unknown,4883.22,,2.73,0.5,0.5,0.5,,,PENDING,f,G6uUqqgYskDvZaXwAzwq1amr2ExgUeRfyNQc4jdvGdwZ,,,,,,1.6042,,2025-06-10 20:12:44.717+08,2025-06-10 20:14:09.158+08,,2025-06-10 20:12:44.720885+08,,active,,6,,,,,,3.05583E-08,0.00000488,,,,,,,,,,,,,,,,,,,,,,normal,,NEW,12:46.5,NEW,0,0,0,,,,,,0,,,2025-06-10 20:14:09.157+08,43,0,,,,,,,,f,,,,,,f,f,f,helius,2025-06-10 20:13:22.046+08,1,,,,,,,,0,0,0,0
94j4bacqmD6r7zVpNpGbGkWLwevv2WM8fRhZNnn8DGXm,LOADING...,Loading...,unknown,5229.38,,4.92,0.5,0.5,0.5,,,PENDING,f,,,,,,,2.8896,,2025-06-10 20:13:55.739+08,2025-06-10 20:13:55.73971+08,,2025-06-10 20:13:55.73971+08,,active,,6,,,,,,3.27246E-08,0.00000523,,,,,,,,,,,,,,,,,,,,,,normal,,NEW,13:55.7,,0,0,0,,,,,,0,,,2025-06-10 20:13:55.739+08,0,0,,,,,,,,f,,,,,,f,f,f,helius,,0,,,,,,,,0,0,0,0
B43BG4NrSNAGjCAY8X3JqyRmxxC8TcoLD35Hd88nB9Je,LOADING...,Loading...,unknown,30127.74,,95.95,0.5,0.5,0.5,,,PENDING,f,EoFMwGwbVfcq6XoD91qhKxMf7A3HxKbzxGdjyzTxoP3k,,,,,,56.3567,,2025-06-10 20:13:12.186+08,2025-06-10 20:14:09.367+08,,2025-06-10 20:13:12.18728+08,,active,,6,,,,,,1.88534E-07,0.00003013,,,,,,,,,,,,,,,,,,,,,,normal,,HIGH,14:09.4,NEW,0,0,0,,0,,,,0,0,,2025-06-10 20:14:09.367+08,10,0,,,,,,,,f,,,,,,f,f,f,helius,2025-06-10 20:13:57.358+08,2,0,"{""top1"": 0, ""top5"": 0, ""top10"": 0, ""top25"": 0, ""top50"": 0}",fallback,2025-06-10 20:13:34.102+08,,,,0,0,0,0
HTwVTRZazz8ygh6vKCCrBFmASvT7h4bFUwoRyDUn2BoC,LOADING...,Loading...,unknown,5604.32,,7.21,0.5,0.5,0.5,,,PENDING,f,B536vwmjkJNYgBQgwLozprS7hDRRx54peFjjQGR8tL46,,,,,,4.2348,,2025-06-10 20:13:57.223+08,2025-06-10 20:14:09.568+08,,2025-06-10 20:13:57.223562+08,,active,,6,,,,,,3.50708E-08,0.0000056,,,,,,,,,,,,,,,,,,,,,,normal,,LOW,14:06.5,NEW,0,0,0,,,,,,0,,,2025-06-10 20:14:09.568+08,10,0,,,,,,,,f,,,,,,f,f,f,helius,,0,,,,,,,,0,0,0,0
5w2F89bBxLEWmBu8gBpTHg72hMYFt7MzUWLWueJRPqS2,LOADING...,Loading...,unknown,5168.93,,4.54,0.5,0.5,0.5,,,PENDING,f,3ppyKNxsQy5PshEzpRtZmi3vspgAX2q4k7zqmBF1dNER,,,,,,2.6683,,2025-06-10 20:13:34.584+08,2025-06-10 20:13:43.628+08,,2025-06-10 20:13:34.585433+08,,active,,6,,,,,,3.23463E-08,0.00000517,,,,,,,,,,,,,,,,,,,,,,normal,,LOW,13:35.0,NEW,0,0,0,,,,,,0,,,2025-06-10 20:13:43.628+08,4,0,,,,,,,,f,,,,,,f,f,f,helius,,0,,,,,,,,0,0,0,0
AV4zBZSeFqHtFfN64ZUFRGJJN7z6n6GRBMCNN8dTHn8K,LOADING...,Loading...,unknown,4751.87,,1.88,0.5,0.5,0.5,,,PENDING,f,,,,,,,1.1045,,2025-06-10 20:13:47.676+08,2025-06-10 20:13:47.677432+08,,2025-06-10 20:13:47.677432+08,,active,,6,,,,,,2.97363E-08,0.00000475,,,,,,,,,,,,,,,,,,,,,,normal,,NEW,13:47.7,,0,0,0,,,,,,0,,,2025-06-10 20:13:47.676+08,0,0,,,,,,,,f,,,,,,f,f,f,helius,,0,,,,,,,,0,0,0,0
Bfuu3C8zGYnrVdapM4UWgftdab5StvP26geur1W7iX2k,LOADING...,Loading...,unknown,25960.02,,84.76,0.5,0.5,0.5,,,PENDING,f,,,,,,,49.7816,,2025-06-10 20:13:49.717+08,2025-06-10 20:13:49.717564+08,,2025-06-10 20:13:49.717564+08,,active,,6,,,,,,1.62453E-07,0.00002596,,,,,,,,,,,,,,,,,,,,,,normal,,NEW,13:49.7,,0,0,0,,,,,,0,,,2025-06-10 20:13:49.717+08,0,0,,,,,,,,f,,,,,,f,f,f,helius,,0,,,,,,,,0,0,0,0
9KikvAcKpounVwzBUX3gVkmwgqopk39YngYyEbkGYkbS,LOADING...,Loading...,unknown,4468.68,,0.01,0.5,0.5,0.5,,,PENDING,f,4qmFKaG5gr21PC1MUu7yBbw2QXs6cXWHD6x4BSpb4NMy,,,,,,0.0033,,2025-06-10 20:14:07.286+08,2025-06-10 20:14:10.399+08,,2025-06-10 20:14:07.287167+08,,active,,6,,,,,,2.79642E-08,0.00000447,,,,,,,,,,,,,,,,,,,,,,normal,,NEW,14:10.4,NEW,0,0,0,,,,,,0,,,2025-06-10 20:14:10.398+08,2,0,,,,,,,,f,,,,,,f,f,f,helius,,0,,,,,,,,0,0,0,0
JDTqLKdXX7SeEQNf34ZY3sMyHNVpnvgfJjqY3S7m489x,LOADING...,Loading...,unknown,28521.57,,91.73,0.5,0.5,0.5,,,PENDING,f,2ytVsuEQZRrvsXrWFqAzRQQExdkCuXcZfctUN8wqc3WS,,,,,,53.8802,,2025-06-10 20:12:44.898+08,2025-06-10 20:14:10.799+08,,2025-06-10 20:12:44.899653+08,,active,,6,,,,,,1.78483E-07,0.00002852,,,,,,,,,,,,,,,,,,,,,,normal,,HIGH,14:09.6,NEW,0,0,0,,0,,,,0,0,,2025-06-10 20:14:10.799+08,193,0,,,,,,,,f,,,,,,f,f,f,helius,2025-06-10 20:13:52.921+08,2,0,"{""top1"": 0, ""top5"": 0, ""top10"": 0, ""top25"": 0, ""top50"": 0}",fallback,2025-06-10 20:13:31.545+08,,,,0,0,0,0
NmRkwNUrFKxT5C6bADGrVyQumJMKKngi4KGt2GnuwGH,LOADING...,Loading...,unknown,5131.17,,4.31,0.5,0.5,0.5,,,PENDING,f,34pfR5du8WNpvatJZUkSPBsxNZrEmu93fJ9KUxrU6Ymu,,,,,,2.5294,,2025-06-10 20:13:05.35+08,2025-06-10 20:14:05.366+08,,2025-06-10 20:13:05.351317+08,,active,,6,,,,,,3.211E-08,0.00000513,,,,,,,,,,,,,,,,,,,,,,normal,,LOW,14:05.4,NEW,0,0,0,,,,,,0,,,2025-06-10 20:14:05.364+08,30,0,,,,,,,,f,,,,,,f,f,f,helius,,0,,,,,,,,0,0,0,0
BzNUn35zzezd3QSkyoVLAvyQJzCSsgsxMpdfnroKHcWf,LOADING...,Loading...,unknown,4469.84,,0.07,0.5,0.5,0.5,,,PENDING,f,,,,,,,0.0079,,2025-06-10 20:14:03.848+08,2025-06-10 20:14:04.180881+08,,2025-06-10 20:14:03.849318+08,,active,,6,,,,,,2.79715E-08,0.00000447,,,,,,,,,,,,,,,,,,,,,,normal,,NEW,14:03.8,,0,0,0,,,,,,0,,,2025-06-10 20:14:03.841+08,1,0,,,,,,,,f,,,,,,f,f,f,helius,,0,,,,,,,,0,0,0,0
G8BSMbgHtycR4zDvVmmgQtN2bpLQVuhqRMtzQHj4e3mv,LOADING...,Loading...,unknown,4504.75,,0.25,0.5,0.5,0.5,,,PENDING,f,,,,,,,0.1455,,2025-06-10 20:14:06.135+08,2025-06-10 20:14:06.135647+08,,2025-06-10 20:14:06.135647+08,,active,,6,,,,,,2.81899E-08,0.0000045,,,,,,,,,,,,,,,,,,,,,,normal,,NEW,14:06.1,,0,0,0,,,,,,0,,,2025-06-10 20:14:06.135+08,0,0,,,,,,,,f,,,,,,f,f,f,helius,,0,,,,,,,,0,0,0,0
HH8areR2yrL7g27Q34nwnjYmEk1VMDzQtq5r5AxpzHib,LOADING...,Loading...,unknown,9403.05,,27.08,0.5,0.5,0.5,,,PENDING,f,84b96JvrGULTDJkFLat3yPMoj9DYgwFtjj9ndfo3AfeE,,,,,,15.9079,,2025-06-10 20:12:45.842+08,2025-06-10 20:14:08.138+08,,2025-06-10 20:12:45.843138+08,,active,,6,,,,,,5.88426E-08,0.0000094,,,,,,,,,,,,,,,,,,,,,,normal,,LOW,14:06.3,NEW,0,0,0,,0,,,,0,0,,2025-06-10 20:14:08.137+08,90,0,,,,,,,,f,,,,,,f,f,f,helius,,0,0,"{""top1"": 0, ""top5"": 0, ""top10"": 0, ""top25"": 0, ""top50"": 0}",fallback,2025-06-10 20:13:33.013+08,,,,0,0,0,0
9He2vL6AvXJxYDRN2PP5rSacstyMAUgEUo78jtFmc6ab,LOADING...,Loading...,unknown,8851.74,,24.49,0.5,0.5,0.5,,,PENDING,f,6ucpEfFyCN9wm9iH8JsEueSVzK4tTRQpxEkhCVzyAmhf,,,,,,14.3843,,2025-06-10 20:12:44.899+08,2025-06-10 20:14:10.192+08,,2025-06-10 20:12:44.900493+08,,active,,6,,,,,,5.53926E-08,0.00000885,,,,,,,,,,,,,,,,,,,,,,normal,,LOW,14:08.3,NEW,0,0,0,,0,,,,0,0,,2025-06-10 20:14:10.191+08,140,0,,,,,,,,f,,,,,,f,f,f,helius,,0,0,"{""top1"": 0, ""top5"": 0, ""top10"": 0, ""top25"": 0, ""top50"": 0}",fallback,2025-06-10 20:13:36.222+08,,,,0,0,0,0
53ejuZLDoh7eza9B4LCLBK6fjA64Y4XbsTZhm6t9RNo8,LOADING...,Loading...,unknown,23890.15,,78.86,0.5,0.5,0.5,,,PENDING,f,CbuK1yhi13mqSVgotsSPs4TRbjfxNeuX3ko856FZAniW,,,,,,46.3195,,2025-06-10 20:12:48.264+08,2025-06-10 20:14:09.777+08,,2025-06-10 20:12:48.264729+08,,active,,6,,,,,,1.495E-07,0.00002389,,,,,,,,,,,,,,,,,,,,,,normal,,HIGH,14:09.8,NEW,0,0,0,,0,,,,0,0,,2025-06-10 20:14:09.777+08,94,0,,,,,,,,f,,,,,,f,f,f,helius,,0,0,"{""top1"": 0, ""top5"": 0, ""top10"": 0, ""top25"": 0, ""top50"": 0}",fallback,2025-06-10 20:13:32.222+08,,,,0,0,0,0
CLmc1qvovxjhMsESGy5d7fAJJM6snZKEHwm7NzAGtHoM,LOADING...,Loading...,unknown,52021.34,,144.95,0.5,0.5,0.5,,,PENDING,f,CLiGV58CFxm1Ezx9o4sBMpCdNSTwZMFhWSHV1F3YN4J1,,,,,,85.1385,,2025-06-10 20:12:44.725+08,2025-06-10 20:14:09.779+08,,2025-06-10 20:12:44.726077+08,,active,,6,,,,,,3.2554E-07,0.00005202,,,,,,,,,,,,,,,,,,,,,,normal,,HIGH,14:03.8,NEW,0,0,0,,0,,,,0,0,,2025-06-10 20:14:09.778+08,26,0,,,,,,,,f,,,,,,f,f,f,helius,2025-06-10 20:13:45.835+08,3,0,"{""top1"": 0, ""top5"": 0, ""top10"": 0, ""top25"": 0, ""top50"": 0}",fallback,2025-06-10 20:13:29.926+08,,,,0,0,0,0
9TeRZyQwdWEybfhUHdc5TZMeBgUKDPmfvcMgDVUZC6aC,LOADING...,Loading...,unknown,10371.68,,31.46,0.5,0.5,0.5,,,PENDING,f,FGPcskDp9NcbTxq3itkZfgFJTKn9YcN3LWGtB58HYDMQ,,,,,,18.4805,,2025-06-10 20:12:45.335+08,2025-06-10 20:14:10.799+08,,2025-06-10 20:12:45.336075+08,,active,,6,,,,,,6.49041E-08,0.00001037,,,,,,,,,,,,,,,,,,,,,,normal,,MEDIUM,14:10.4,NEW,0,0,0,,0,,,,0,0,,2025-06-10 20:14:10.799+08,194,0,,,,,,,,f,,,,,,f,f,f,helius,,0,0,"{""top1"": 0, ""top5"": 0, ""top10"": 0, ""top25"": 0, ""top50"": 0}",fallback,2025-06-10 20:13:32.8+08,,,,0,0,0,0
Eg4GS1zx5XAUHroiSV6WfGAMd31qeExv2FCfvvV53x5j,LOADING...,Loading...,unknown,27930.24,,479.49,0.5,0.5,0.5,,,PENDING,f,4ErkYWP4ftffdCQtP8bjifo3Yz6tpReaoyPm92LUprLV,,,,,,52.951,,2025-06-10 20:13:59.817+08,2025-06-10 20:14:07.180592+08,,2025-06-10 20:13:59.818017+08,,active,,6,,,,,,1.74782E-07,0.00002793,,,,,,,,,,,,,,,,,,,,,,normal,,NEW,14:07.1,NEW,0,0,0,,,,,,0,,,2025-06-10 20:14:07.087+08,3,0,,,,,,,,f,,,,,,f,f,f,helius,,0,,,,,,,,0,0,0,0
7dx9qwFgDinPTi24695YcTRr2CkTaWLuAZiuUimHnA3h,LOADING...,Loading...,unknown,25326.82,,82.98,0.5,0.5,0.5,,,PENDING,f,Bxc8Xu9uxjSciVKWBAwcHbHFzZbgT5yqz5PJcURrXdXb,,,,,,48.7376,,2025-06-10 20:12:46.541+08,2025-06-10 20:14:09.157+08,,2025-06-10 20:12:46.542153+08,,active,,6,,,,,,1.58491E-07,0.00002533,,,,,,,,,,,,,,,,,,,,,,normal,,HIGH,14:09.2,NEW,0,0,0,,0,,,,0,0,,2025-06-10 20:14:09.157+08,29,0,,,,,,,,f,,,,,,f,f,f,helius,2025-06-10 20:14:01.309+08,2,0,"{""top1"": 0, ""top5"": 0, ""top10"": 0, ""top25"": 0, ""top50"": 0}",fallback,2025-06-10 20:13:32.397+08,,,,0,0,0,0
